GEO.id,GEO.id2,GEO.display-label,SUBHD0101_S01,SUBHD0102_S01,SUBHD0103_S01,SUBHD0201_S01,SUBHD0202_S01,SUBHD0203_S01,HD03_S01,SUBHD0101_S02,SUBHD0102_S02,SUBHD0103_S02,SUBHD0201_S02,SUBHD0202_S02,SUBHD0203_S02,HD03_S02,SUBHD0101_S03,SUBHD0102_S03,SUBHD0103_S03,SUBHD0201_S03,SUBHD0202_S03,SUBHD0203_S03,HD03_S03,SUBHD0101_S04,SUBHD0102_S04,SUBHD0103_S04,SUBHD0201_S04,SUBHD0202_S04,SUBHD0203_S04,HD03_S04,SUBHD0101_S05,SUBHD0102_S05,SUBHD0103_S05,SUBHD0201_S05,SUBHD0202_S05,SUBHD0203_S05,HD03_S05,SUBHD0101_S06,SUBHD0102_S06,SUBHD0103_S06,SUBHD0201_S06,SUBHD0202_S06,SUBHD0203_S06,HD03_S06,SUBHD0101_S07,SUBHD0102_S07,SUBHD0103_S07,SUBHD0201_S07,SUBHD0202_S07,SUBHD0203_S07,HD03_S07,SUBHD0101_S08,SUBHD0102_S08,SUBHD0103_S08,SUBHD0201_S08,SUBHD0202_S08,SUBHD0203_S08,HD03_S08,SUBHD0101_S09,SUBHD0102_S09,SUBHD0103_S09,SUBHD0201_S09,SUBHD0202_S09,SUBHD0203_S09,HD03_S09,SUBHD0101_S10,SUBHD0102_S10,SUBHD0103_S10,SUBHD0201_S10,SUBHD0202_S10,SUBHD0203_S10,HD03_S10,SUBHD0101_S11,SUBHD0102_S11,SUBHD0103_S11,SUBHD0201_S11,SUBHD0202_S11,SUBHD0203_S11,HD03_S11,SUBHD0101_S12,SUBHD0102_S12,SUBHD0103_S12,SUBHD0201_S12,SUBHD0202_S12,SUBHD0203_S12,HD03_S12,SUBHD0101_S13,SUBHD0102_S13,SUBHD0103_S13,SUBHD0201_S13,SUBHD0202_S13,SUBHD0203_S13,HD03_S13,SUBHD0101_S14,SUBHD0102_S14,SUBHD0103_S14,SUBHD0201_S14,SUBHD0202_S14,SUBHD0203_S14,HD03_S14,SUBHD0101_S15,SUBHD0102_S15,SUBHD0103_S15,SUBHD0201_S15,SUBHD0202_S15,SUBHD0203_S15,HD03_S15,SUBHD0101_S16,SUBHD0102_S16,SUBHD0103_S16,SUBHD0201_S16,SUBHD0202_S16,SUBHD0203_S16,HD03_S16,SUBHD0101_S17,SUBHD0102_S17,SUBHD0103_S17,SUBHD0201_S17,SUBHD0202_S17,SUBHD0203_S17,HD03_S17,SUBHD0101_S18,SUBHD0102_S18,SUBHD0103_S18,SUBHD0201_S18,SUBHD0202_S18,SUBHD0203_S18,HD03_S18,SUBHD0101_S19,SUBHD0102_S19,SUBHD0103_S19,SUBHD0201_S19,SUBHD0202_S19,SUBHD0203_S19,HD03_S19,SUBHD0101_S20,SUBHD0102_S20,SUBHD0103_S20,SUBHD0201_S20,SUBHD0202_S20,SUBHD0203_S20,HD03_S20,SUBHD0101_S21,SUBHD0102_S21,SUBHD0103_S21,SUBHD0201_S21,SUBHD0202_S21,SUBHD0203_S21,HD03_S21,SUBHD0101_S22,SUBHD0102_S22,SUBHD0103_S22,SUBHD0201_S22,SUBHD0202_S22,SUBHD0203_S22,HD03_S22,SUBHD0101_S23,SUBHD0102_S23,SUBHD0103_S23,SUBHD0201_S23,SUBHD0202_S23,SUBHD0203_S23,HD03_S23,SUBHD0101_S24,SUBHD0102_S24,SUBHD0103_S24,SUBHD0201_S24,SUBHD0202_S24,SUBHD0203_S24,HD03_S24,SUBHD0101_S25,SUBHD0102_S25,SUBHD0103_S25,SUBHD0201_S25,SUBHD0202_S25,SUBHD0203_S25,HD03_S25,SUBHD0101_S26,SUBHD0102_S26,SUBHD0103_S26,SUBHD0201_S26,SUBHD0202_S26,SUBHD0203_S26,HD03_S26,SUBHD0101_S27,SUBHD0102_S27,SUBHD0103_S27,SUBHD0201_S27,SUBHD0202_S27,SUBHD0203_S27,HD03_S27,SUBHD0101_S28,SUBHD0102_S28,SUBHD0103_S28,SUBHD0201_S28,SUBHD0202_S28,SUBHD0203_S28,HD03_S28,SUBHD0101_S29,SUBHD0102_S29,SUBHD0103_S29,SUBHD0201_S29,SUBHD0202_S29,SUBHD0203_S29,HD03_S29,SUBHD0101_S30,SUBHD0102_S30,SUBHD0103_S30,SUBHD0201_S30,SUBHD0202_S30,SUBHD0203_S30,HD03_S30,SUBHD0101_S31,SUBHD0102_S31,SUBHD0103_S31,SUBHD0201_S31,SUBHD0202_S31,SUBHD0203_S31,HD03_S31,SUBHD0101_S32,SUBHD0102_S32,SUBHD0103_S32,SUBHD0201_S32,SUBHD0202_S32,SUBHD0203_S32,HD03_S32,SUBHD0101_S33,SUBHD0102_S33,SUBHD0103_S33,SUBHD0201_S33,SUBHD0202_S33,SUBHD0203_S33,HD03_S33,SUBHD0101_S34,SUBHD0102_S34,SUBHD0103_S34,SUBHD0201_S34,SUBHD0202_S34,SUBHD0203_S34,HD03_S34,SUBHD0101_S35,SUBHD0102_S35,SUBHD0103_S35,SUBHD0201_S35,SUBHD0202_S35,SUBHD0203_S35,HD03_S35,SUBHD0101_S36,SUBHD0102_S36,SUBHD0103_S36,SUBHD0201_S36,SUBHD0202_S36,SUBHD0203_S36,HD03_S36,SUBHD0101_S37
0400000US12,12,Florida,18801310(r21846),9189355,9611955,100,100,100,95.6,1073506,547985,525521,5.7,6,5.5,104.3,1080255,551053,529202,5.7,6,5.5,104.1,1130847,578689,552158,6,6.3,5.7,104.8,1228382,631287,597095,6.5,6.9,6.2,105.7,1228758,627063,601695,6.5,6.8,6.3,104.2,1179227,594897,584330,6.3,6.5,6.1,101.8,1110318,555239,555079,5.9,6,5.8,100,1178467,585141,593326,6.3,6.4,6.2,98.6,1252787,623330,629457,6.7,6.8,6.5,99,1401202,691335,709867,7.5,7.5,7.4,97.4,1340291,650033,690258,7.1,7.1,7.2,94.2,1202418,569009,633409,6.4,6.2,6.6,89.8,1135250,533868,601382,6,5.8,6.3,88.8,959233,448193,511040,5.1,4.9,5.3,87.7,768707,357908,410799,4.1,3.9,4.3,87.1,615514,280087,335427,3.3,3,3.5,83.5,482023,205925,276098,2.6,2.2,2.9,74.6,290882,112557,178325,1.5,1.2,1.9,63.1,143243,45756,97487,0.8,0.5,1,46.9,4002091,2046991,1955100,21.3,22.3,20.3,104.7,11539617,5691938,5847679,61.4,61.9,60.8,97.3,1739657,889086,850571,9.3,9.7,8.8,104.5,4720799,2358607,2362192,25.1,25.7,24.6,99.8,2289545,1150136,1139409,12.2,12.5,11.9,100.9,2431254,1208471,1222783,12.9,13.2,12.7,98.8,5079161,2444245,2634916,27,26.6,27.4,92.8,2741493,1341368,1400125,14.6,14.6,14.6,95.8,2337668,1102877,1234791,12.4,12,12.8,89.3,3259602,1450426,1809176,17.3,15.8,18.8,80.2,1727940,806101,921839,9.2,8.8,9.6,87.4,1097537,486012,611525,5.8,5.3,6.4,79.5,434125,158313,275812,2.3,1.7,2.9,57.4,15283266,7391989,7891277,81.3,80.4,82.1,93.7,14799219,7142364,7656855,78.7,77.7,79.7,93.3,14030290,6748874,7281416,74.6,73.4,75.8,92.7,4394852
0500000US12001,12001,"Alachua County, Florida",247336,119786,127550,100,100,100,93.9,13068,6703,6365,5.3,5.6,5,105.3,11739,5913,5826,4.7,4.9,4.6,101.5,11669,5992,5677,4.7,5,4.5,105.5,23589,10942,12647,9.5,9.1,9.9,86.5,41515,19979,21536,16.8,16.7,16.9,92.8,21724,11365,10359,8.8,9.5,8.1,109.7,15256,7917,7339,6.2,6.6,5.8,107.9,13043,6566,6477,5.3,5.5,5.1,101.4,12465,6091,6374,5,5.1,5,95.6,14262,6829,7433,5.8,5.7,5.8,91.9,15208,7034,8174,6.1,5.9,6.4,86.1,14800,7036,7764,6,5.9,6.1,90.6,12371,5903,6468,5,4.9,5.1,91.3,8593,4156,4437,3.5,3.5,3.5,93.7,5987,2623,3364,2.4,2.2,2.6,78,4589,2016,2573,1.9,1.7,2,78.4,3786,1476,2310,1.5,1.2,1.8,63.9,2447,874,1573,1,0.7,1.2,55.6,1225,371,854,0.5,0.3,0.7,43.4,44285,22551,21734,17.9,18.8,17,103.8,176424,85719,90705,71.3,71.6,71.1,94.5,57295,26978,30317,23.2,22.5,23.8,89,62488,31939,30549,25.3,26.7,24,104.6,36980,19282,17698,15,16.1,13.9,109,25508,12657,12851,10.3,10.6,10.1,98.5,56641,26802,29839,22.9,22.4,23.4,89.8,29470,13863,15607,11.9,11.6,12.2,88.8,27171,12939,14232,11,10.8,11.2,90.9,26627,11516,15111,10.8,9.6,11.8,76.2,14580,6779,7801,5.9,5.7,6.1,86.9,8375,3492,4883,3.4,2.9,3.8,71.5,3672,1245,2427,1.5,1,1.9,51.3,208513,99964,108549,84.3,83.5,85.1,92.1,203051,97235,105816,82.1,81.2,83,91.9,176883,85631,91252,71.5,71.5,71.5,93.8,38998
0500000US12003,12003,"Baker County, Florida",27115,14160,12955,100,100,100,109.3,1933,1004,929,7.1,7.1,7.2,108.1,1991,998,993,7.3,7,7.7,100.5,1962,1006,956,7.2,7.1,7.4,105.2,1877,1006,871,6.9,7.1,6.7,115.5,1766,966,800,6.5,6.8,6.2,120.8,1893,1037,856,7,7.3,6.6,121.1,1782,998,784,6.6,7,6.1,127.3,1853,1031,822,6.8,7.3,6.3,125.4,1931,1062,869,7.1,7.5,6.7,122.2,2088,1150,938,7.7,8.1,7.2,122.6,1930,975,955,7.1,6.9,7.4,102.1,1692,853,839,6.2,6,6.5,101.7,1461,713,748,5.4,5,5.8,95.3,1063,538,525,3.9,3.8,4.1,102.5,766,384,382,2.8,2.7,2.9,100.5,520,225,295,1.9,1.6,2.3,76.3,368,145,223,1.4,1,1.7,65,154,51,103,0.6,0.4,0.8,49.5,85,18,67,0.3,0.1,0.5,26.9,7047,3650,3397,26,25.8,26.2,107.4,17112,9149,7963,63.1,64.6,61.5,114.9,2482,1330,1152,9.2,9.4,8.9,115.5,7459,4128,3331,27.5,29.2,25.7,123.9,3675,2035,1640,13.6,14.4,12.7,124.1,3784,2093,1691,14,14.8,13.1,123.8,7171,3691,3480,26.4,26.1,26.9,106.1,4018,2125,1893,14.8,15,14.6,112.3,3153,1566,1587,11.6,11.1,12.3,98.7,2956,1361,1595,10.9,9.6,12.3,85.3,1829,922,907,6.7,6.5,7,101.7,888,370,518,3.3,2.6,4,71.4,239,69,170,0.9,0.5,1.3,40.6,20871,10958,9913,77,77.4,76.5,110.5,20068,10510,9558,74,74.2,73.8,110,19024,9963,9061,70.2,70.4,69.9,110,4417
0500000US12005,12005,"Bay County, Florida",168852,83656,85196,100,100,100,98.2,10633,5451,5182,6.3,6.5,6.1,105.2,10014,4971,5043,5.9,5.9,5.9,98.6,9993,5121,4872,5.9,6.1,5.7,105.1,10889,5604,5285,6.4,6.7,6.2,106,11624,5957,5667,6.9,7.1,6.7,105.1,11754,6093,5661,7,7.3,6.6,107.6,10396,5371,5025,6.2,6.4,5.9,106.9,10322,5158,5164,6.1,6.2,6.1,99.9,11259,5760,5499,6.7,6.9,6.5,104.7,13579,6809,6770,8,8.1,7.9,100.6,12929,6227,6702,7.7,7.4,7.9,92.9,10925,5265,5660,6.5,6.3,6.6,93,9976,4919,5057,5.9,5.9,5.9,97.3,7731,3694,4037,4.6,4.4,4.7,91.5,5947,2715,3232,3.5,3.2,3.8,84,4617,2067,2550,2.7,2.5,3,81.1,3430,1403,2027,2,1.7,2.4,69.2,1813,641,1172,1.1,0.8,1.4,54.7,1021,430,591,0.6,0.5,0.7,72.8,37076,18852,18224,22,22.5,21.4,103.4,107217,53854,53363,63.5,64.4,62.6,100.9,16077,8252,7825,9.5,9.9,9.2,105.5,43731,22382,21349,25.9,26.8,25.1,104.8,22150,11464,10686,13.1,13.7,12.5,107.3,21581,10918,10663,12.8,13.1,12.5,102.4,47409,23220,24189,28.1,27.8,28.4,96,26508,13036,13472,15.7,15.6,15.8,96.8,20901,10184,10717,12.4,12.2,12.6,95,24559,10950,13609,14.5,13.1,16,80.5,13678,6409,7269,8.1,7.7,8.5,88.2,8047,3470,4577,4.8,4.1,5.4,75.8,2834,1071,1763,1.7,1.3,2.1,60.7,136152,67039,69113,80.6,80.1,81.1,97,131776,64804,66972,78,77.5,78.6,96.8,125138,61406,63732,74.1,73.4,74.8,96.4,34535
0500000US12007,12007,"Bradford County, Florida",28520,16010,12510,100,100,100,128,1670,876,794,5.9,5.5,6.3,110.3,1571,786,785,5.5,4.9,6.3,100.1,1497,758,739,5.2,4.7,5.9,102.6,1571,845,726,5.5,5.3,5.8,116.4,1877,1171,706,6.6,7.3,5.6,165.9,2334,1548,786,8.2,9.7,6.3,196.9,2015,1347,668,7.1,8.4,5.3,201.6,1917,1225,692,6.7,7.7,5.5,177,1904,1205,699,6.7,7.5,5.6,172.4,2300,1390,910,8.1,8.7,7.3,152.7,2239,1240,999,7.9,7.7,8,124.1,1874,1011,863,6.6,6.3,6.9,117.1,1638,799,839,5.7,5,6.7,95.2,1362,665,697,4.8,4.2,5.6,95.4,961,467,494,3.4,2.9,3.9,94.5,780,315,465,2.7,2,3.7,67.7,523,216,307,1.8,1.3,2.5,70.4,336,101,235,1.2,0.6,1.9,43,151,45,106,0.5,0.3,0.8,42.5,5635,2898,2737,19.8,18.1,21.9,105.9,18772,11303,7469,65.8,70.6,59.7,151.3,2551,1538,1013,8.9,9.6,8.1,151.8,8170,5325,2845,28.6,33.3,22.7,187.2,4349,2895,1454,15.2,18.1,11.6,199.1,3821,2430,1391,13.4,15.2,11.1,174.7,8051,4440,3611,28.2,27.7,28.9,123,4539,2630,1909,15.9,16.4,15.3,137.8,3512,1810,1702,12.3,11.3,13.6,106.3,4113,1809,2304,14.4,11.3,18.4,78.5,2323,1132,1191,8.1,7.1,9.5,95,1303,531,772,4.6,3.3,6.2,68.8,487,146,341,1.7,0.9,2.7,42.8,23517,13439,10078,82.5,83.9,80.6,133.3,22885,13112,9773,80.2,81.9,78.1,134.2,21854,12549,9305,76.6,78.4,74.4,134.9,5751
0500000US12009,12009,"Brevard County, Florida",543376,266242,277134,100,100,100,96.1,26809,13914,12895,4.9,5.2,4.7,107.9,28563,14611,13952,5.3,5.5,5,104.7,31269,15986,15283,5.8,6,5.5,104.6,34491,18192,16299,6.3,6.8,5.9,111.6,29335,15685,13650,5.4,5.9,4.9,114.9,28624,14418,14206,5.3,5.4,5.1,101.5,26171,13057,13114,4.8,4.9,4.7,99.6,28521,13864,14657,5.2,5.2,5.3,94.6,33627,16372,17255,6.2,6.1,6.2,94.9,44882,21809,23073,8.3,8.2,8.3,94.5,45720,22411,23309,8.4,8.4,8.4,96.1,38668,18878,19790,7.1,7.1,7.1,95.4,35984,17137,18847,6.6,6.4,6.8,90.9,31238,14634,16604,5.7,5.5,6,88.1,26448,12328,14120,4.9,4.6,5.1,87.3,22238,10365,11873,4.1,3.9,4.3,87.3,16687,7273,9414,3.1,2.7,3.4,77.3,9798,3856,5942,1.8,1.4,2.1,64.9,4303,1452,2851,0.8,0.5,1,50.9,107686,55287,52399,19.8,20.8,18.9,105.5,324978,161047,163931,59.8,60.5,59.2,98.2,42781,23101,19680,7.9,8.7,7.1,117.4,116943,57711,59232,21.5,21.7,21.4,97.4,54795,27475,27320,10.1,10.3,9.9,100.6,62148,30236,31912,11.4,11.4,11.5,94.7,165254,80235,85019,30.4,30.1,30.7,94.4,90602,44220,46382,16.7,16.6,16.7,95.3,74652,36015,38637,13.7,13.5,13.9,93.2,110712,49908,60804,20.4,18.7,21.9,82.1,57686,26962,30724,10.6,10.1,11.1,87.8,38925,17638,21287,7.2,6.6,7.7,82.9,14101,5308,8793,2.6,2,3.2,60.4,449963,218283,231680,82.8,82,83.6,94.2,435690,210955,224735,80.2,79.2,81.1,93.9,415888,199976,215912,76.5,75.1,77.9,92.6,146696
0500000US12011,12011,"Broward County, Florida",1748066,846571,901495,100,100,100,93.9,103256,52655,50601,5.9,6.2,5.6,104.1,104071,52938,51133,6,6.3,5.7,103.5,112207,57800,54407,6.4,6.8,6,106.2,114200,58922,55278,6.5,7,6.1,106.6,104783,52502,52281,6,6.2,5.8,100.4,113599,55272,58327,6.5,6.5,6.5,94.8,110880,53431,57449,6.3,6.3,6.4,93,120146,58036,62110,6.9,6.9,6.9,93.4,131279,63594,67685,7.5,7.5,7.5,94,143737,70701,73036,8.2,8.4,8.1,96.8,133303,65509,67794,7.6,7.7,7.5,96.6,112695,54163,58532,6.4,6.4,6.5,92.5,94486,45296,49190,5.4,5.4,5.5,92.1,71669,33709,37960,4.1,4,4.2,88.8,53684,24202,29482,3.1,2.9,3.3,82.1,44374,18829,25545,2.5,2.2,2.8,73.7,38171,14947,23224,2.2,1.8,2.6,64.4,26256,9310,16946,1.5,1.1,1.9,54.9,15270,4755,10515,0.9,0.6,1.2,45.2,391349,200209,191140,22.4,23.6,21.2,104.7,1107293,540610,566683,63.3,63.9,62.9,95.4,147168,74608,72560,8.4,8.8,8,102.8,475904,230333,245571,27.2,27.2,27.2,93.8,224479,108703,115776,12.8,12.8,12.8,93.9,251425,121630,129795,14.4,14.4,14.4,93.7,484221,235669,248552,27.7,27.8,27.6,94.8,277040,136210,140830,15.8,16.1,15.6,96.7,207181,99459,107722,11.9,11.7,11.9,92.3,249424,105752,143672,14.3,12.5,15.9,73.6,125353,57911,67442,7.2,6.8,7.5,85.9,82545,33776,48769,4.7,4,5.4,69.3,41526,14065,27461,2.4,1.7,3,51.2,1404948,671136,733812,80.4,79.3,81.4,91.5,1356717,646362,710355,77.6,76.4,78.8,91,1293685,613740,679945,74,72.5,75.4,90.3,343910
0500000US12013,12013,"Calhoun County, Florida",14625,7955,6670,100,100,100,119.3,909,450,459,6.2,5.7,6.9,98,814,415,399,5.6,5.2,6,104,886,452,434,6.1,5.7,6.5,104.1,869,442,427,5.9,5.6,6.4,103.5,895,511,384,6.1,6.4,5.8,133.1,1000,630,370,6.8,7.9,5.5,170.3,992,615,377,6.8,7.7,5.7,163.1,1004,636,368,6.9,8,5.5,172.8,1025,618,407,7,7.8,6.1,151.8,1089,629,460,7.4,7.9,6.9,136.7,1107,609,498,7.6,7.7,7.5,122.3,953,500,453,6.5,6.3,6.8,110.4,824,405,419,5.6,5.1,6.3,96.7,732,348,384,5,4.4,5.8,90.6,588,313,275,4,3.9,4.1,113.8,413,181,232,2.8,2.3,3.5,78,280,131,149,1.9,1.6,2.2,87.9,161,49,112,1.1,0.6,1.7,43.8,84,21,63,0.6,0.3,0.9,33.3,3132,1572,1560,21.4,19.8,23.4,100.8,9235,5340,3895,63.1,67.1,58.4,137.1,1241,698,543,8.5,8.8,8.1,128.5,4021,2499,1522,27.5,31.4,22.8,164.2,1992,1245,747,13.6,15.7,11.2,166.7,2029,1254,775,13.9,15.8,11.6,161.8,3973,2143,1830,27.2,26.9,27.4,117.1,2196,1238,958,15,15.6,14.4,129.2,1777,905,872,12.2,11.4,13.1,103.8,2258,1043,1215,15.4,13.1,18.2,85.8,1320,661,659,9,8.3,9.9,100.3,693,312,381,4.7,3.9,5.7,81.9,245,70,175,1.7,0.9,2.6,40,11845,6555,5290,81,82.4,79.3,123.9,11493,6383,5110,78.6,80.2,76.6,124.9,10978,6102,4876,75.1,76.7,73.1,125.1,3082
0500000US12015,12015,"Charlotte County, Florida",159978,77762,82216,100,100,100,94.6,5545,2853,2692,3.5,3.7,3.3,106,6031,3061,2970,3.8,3.9,3.6,103.1,6773,3529,3244,4.2,4.5,3.9,108.8,7336,3807,3529,4.6,4.9,4.3,107.9,5805,3106,2699,3.6,4,3.3,115.1,5704,2952,2752,3.6,3.8,3.3,107.3,5482,2900,2582,3.4,3.7,3.1,112.3,6318,3162,3156,3.9,4.1,3.8,100.2,7777,3898,3879,4.9,5,4.7,100.5,10052,4881,5171,6.3,6.3,6.3,94.4,11180,5180,6000,7,6.7,7.3,86.3,12192,5441,6751,7.6,7,8.2,80.6,15184,7019,8165,9.5,9,9.9,86,15550,7487,8063,9.7,9.6,9.8,92.9,13395,6551,6844,8.4,8.4,8.3,95.7,10823,5471,5352,6.8,7,6.5,102.2,8061,3724,4337,5,4.8,5.3,85.9,4601,2001,2600,2.9,2.6,3.2,77,2169,739,1430,1.4,1,1.7,51.7,22878,11758,11120,14.3,15.1,13.5,105.7,82501,40031,42470,51.6,51.5,51.7,94.3,8612,4598,4014,5.4,5.9,4.9,114.5,25281,12912,12369,15.8,16.6,15,104.4,11186,5852,5334,7,7.5,6.5,109.7,14095,7060,7035,8.8,9.1,8.6,100.4,48608,22521,26087,30.4,29,31.7,86.3,21232,10061,11171,13.3,12.9,13.6,90.1,27376,12460,14916,17.1,16,18.1,83.5,54599,25973,28626,34.1,33.4,34.8,90.7,28945,14038,14907,18.1,18.1,18.1,94.2,18884,9195,9689,11.8,11.8,11.8,94.9,6770,2740,4030,4.2,3.5,4.9,68,140137,67558,72579,87.6,86.9,88.3,93.1,137100,66004,71096,85.7,84.9,86.5,92.8,133038,63816,69222,83.2,82.1,84.2,92.2,69783
0500000US12017,12017,"Citrus County, Florida",141236,68359,72877,100,100,100,93.8,5537,2783,2754,3.9,4.1,3.8,101.1,5724,2926,2798,4.1,4.3,3.8,104.6,6602,3361,3241,4.7,4.9,4.4,103.7,7195,3767,3428,5.1,5.5,4.7,109.9,5357,2801,2556,3.8,4.1,3.5,109.6,5007,2532,2475,3.5,3.7,3.4,102.3,4858,2407,2451,3.4,3.5,3.4,98.2,5945,2909,3036,4.2,4.3,4.2,95.8,7134,3388,3746,5.1,5,5.1,90.4,9188,4470,4718,6.5,6.5,6.5,94.7,10147,4718,5429,7.2,6.9,7.4,86.9,10666,4854,5812,7.6,7.1,8,83.5,12835,5841,6994,9.1,8.5,9.6,83.5,13265,6375,6890,9.4,9.3,9.5,92.5,11332,5720,5612,8,8.4,7.7,101.9,8866,4446,4420,6.3,6.5,6.1,100.6,6300,2991,3309,4.5,4.4,4.5,90.4,3700,1514,2186,2.6,2.2,3,69.3,1578,556,1022,1.1,0.8,1.4,54.4,22394,11421,10973,15.9,16.7,15.1,104.1,73801,35336,38465,52.3,51.7,52.8,91.9,8021,4217,3804,5.7,6.2,5.2,110.9,22944,11236,11708,16.2,16.4,16.1,96,9865,4939,4926,7,7.2,6.8,100.3,13079,6297,6782,9.3,9.2,9.3,92.8,42836,19883,22953,30.3,29.1,31.5,86.6,19335,9188,10147,13.7,13.4,13.9,90.5,23501,10695,12806,16.6,15.6,17.6,83.5,45041,21602,23439,31.9,31.6,32.2,92.2,24597,12095,12502,17.4,17.7,17.2,96.7,15166,7437,7729,10.7,10.9,10.6,96.2,5278,2070,3208,3.7,3,4.4,64.5,121943,58553,63390,86.3,85.7,87,92.4,118842,56938,61904,84.1,83.3,84.9,92,115030,54914,60116,81.4,80.3,82.5,91.3,57876
0500000US12019,12019,"Clay County, Florida",190865,93491,97374,100,100,100,96,11869,6079,5790,6.2,6.5,5.9,105,13625,7025,6600,7.1,7.5,6.8,106.4,15002,7643,7359,7.9,8.2,7.6,103.9,15061,7809,7252,7.9,8.4,7.4,107.7,10835,5518,5317,5.7,5.9,5.5,103.8,10732,5283,5449,5.6,5.7,5.6,97,10961,5197,5764,5.7,5.6,5.9,90.2,13122,6210,6912,6.9,6.6,7.1,89.8,14253,6894,7359,7.5,7.4,7.6,93.7,15954,7840,8114,8.4,8.4,8.3,96.6,14135,6861,7274,7.4,7.3,7.5,94.3,12118,5809,6309,6.3,6.2,6.5,92.1,10906,5249,5657,5.7,5.6,5.8,92.8,7941,3775,4166,4.2,4,4.3,90.6,5563,2642,2921,2.9,2.8,3,90.4,3873,1774,2099,2,1.9,2.2,84.5,2672,1128,1544,1.4,1.2,1.6,73.1,1584,550,1034,0.8,0.6,1.1,53.2,659,205,454,0.3,0.2,0.5,45.2,50170,25645,24525,26.3,27.4,25.2,104.6,118403,57772,60631,62,61.8,62.3,95.3,16222,8429,7793,8.5,9,8,108.2,49068,23584,25484,25.7,25.2,26.2,92.5,21693,10480,11213,11.4,11.2,11.5,93.5,27375,13104,14271,14.3,14,14.7,91.8,53113,25759,27354,27.8,27.6,28.1,94.2,30089,14701,15388,15.8,15.7,15.8,95.5,23024,11058,11966,12.1,11.8,12.3,92.4,22292,10074,12218,11.7,10.8,12.5,82.5,13504,6417,7087,7.1,6.9,7.3,90.5,6545,2902,3643,3.4,3.1,3.7,79.7,2243,755,1488,1.2,0.8,1.5,50.7,147266,71155,76111,77.2,76.1,78.2,93.5,140695,67846,72849,73.7,72.6,74.8,93.1,132993,63764,69229,69.7,68.2,71.1,92.1,33198
0500000US12021,12021,"Collier County, Florida",321520,158494,163026,100,100,100,97.2,16836,8491,8345,5.2,5.4,5.1,101.7,17277,8871,8406,5.4,5.6,5.2,105.5,17451,9003,8448,5.4,5.7,5.2,106.6,17613,9218,8395,5.5,5.8,5.1,109.8,15516,8380,7136,4.8,5.3,4.4,117.4,16504,8626,7878,5.1,5.4,4.8,109.5,16046,8308,7738,5,5.2,4.7,107.4,16892,8440,8452,5.3,5.3,5.2,99.9,18665,9345,9320,5.8,5.9,5.7,100.3,20763,10249,10514,6.5,6.5,6.4,97.5,20066,9564,10502,6.2,6,6.4,91.1,19857,9042,10815,6.2,5.7,6.6,83.6,23083,10369,12714,7.2,6.5,7.8,81.6,24701,11495,13206,7.7,7.3,8.1,87,21453,10500,10953,6.7,6.6,6.7,95.9,16857,8405,8452,5.2,5.3,5.2,99.4,12433,6085,6348,3.9,3.8,3.9,95.9,6680,3052,3628,2.1,1.9,2.2,84.1,2827,1051,1776,0.9,0.7,1.1,59.2,62647,32084,30563,19.5,20.2,18.7,105,173922,85822,88100,54.1,54.1,54,97.4,22046,11879,10167,6.9,7.5,6.2,116.8,68107,34719,33388,21.2,21.9,20.5,104,32550,16934,15616,10.1,10.7,9.6,108.4,35557,17785,17772,11.1,11.2,10.9,100.1,83769,39224,44545,26.1,24.7,27.3,88.1,40829,19813,21016,12.7,12.5,12.9,94.3,42940,19411,23529,13.4,12.2,14.4,82.5,84951,40588,44363,26.4,25.6,27.2,91.5,46154,21995,24159,14.4,13.9,14.8,91,29290,14490,14800,9.1,9.1,9.1,97.9,9507,4103,5404,3,2.6,3.3,75.9,266280,130258,136022,82.8,82.2,83.4,95.8,258873,126410,132463,80.5,79.8,81.3,95.4,249395,121301,128094,77.6,76.5,78.6,94.7,108034
0500000US12023,12023,"Columbia County, Florida",67531,34951,32580,100,100,100,107.3,4232,2157,2075,6.3,6.2,6.4,104,4156,2149,2007,6.2,6.1,6.2,107.1,4205,2190,2015,6.2,6.3,6.2,108.7,4514,2469,2045,6.7,7.1,6.3,120.7,4725,2792,1933,7,8,5.9,144.4,4271,2310,1961,6.3,6.6,6,117.8,3929,2173,1756,5.8,6.2,5.4,123.7,3833,2088,1745,5.7,6,5.4,119.7,4242,2271,1971,6.3,6.5,6,115.2,4935,2557,2378,7.3,7.3,7.3,107.5,5275,2621,2654,7.8,7.5,8.1,98.8,4547,2301,2246,6.7,6.6,6.9,102.4,4277,2061,2216,6.3,5.9,6.8,93,3480,1700,1780,5.2,4.9,5.5,95.5,2563,1232,1331,3.8,3.5,4.1,92.6,1937,914,1023,2.9,2.6,3.1,89.3,1316,571,745,1.9,1.6,2.3,76.6,773,298,475,1.1,0.9,1.5,62.7,321,97,224,0.5,0.3,0.7,43.3,15193,7856,7337,22.5,22.5,22.5,107.1,41948,22283,19665,62.1,63.8,60.4,113.3,6639,3901,2738,9.8,11.2,8.4,142.5,16275,8842,7433,24.1,25.3,22.8,119,8200,4483,3717,12.1,12.8,11.4,120.6,8075,4359,3716,12,12.5,11.4,117.3,19034,9540,9494,28.2,27.3,29.1,100.5,10210,5178,5032,15.1,14.8,15.4,102.9,8824,4362,4462,13.1,12.5,13.7,97.8,10390,4812,5578,15.4,13.8,17.1,86.3,6043,2932,3111,8.9,8.4,9.5,94.2,3253,1485,1768,4.8,4.2,5.4,84,1094,395,699,1.6,1.1,2.1,56.5,54090,28011,26079,80.1,80.1,80,107.4,52338,27095,25243,77.5,77.5,77.5,107.3,49313,25295,24018,73,72.4,73.7,105.3,14667
0500000US12027,12027,"DeSoto County, Florida",34862,19718,15144,100,100,100,130.2,2278,1165,1113,6.5,5.9,7.3,104.7,2103,1119,984,6,5.7,6.5,113.7,2027,1052,975,5.8,5.3,6.4,107.9,2456,1475,981,7,7.5,6.5,150.4,2678,1813,865,7.7,9.2,5.7,209.6,2407,1577,830,6.9,8,5.5,190,2200,1376,824,6.3,7,5.4,167,2120,1300,820,6.1,6.6,5.4,158.5,2053,1265,788,5.9,6.4,5.2,160.5,2175,1251,924,6.2,6.3,6.1,135.4,2173,1220,953,6.2,6.2,6.3,128,2002,1099,903,5.7,5.6,6,121.7,1962,1002,960,5.6,5.1,6.3,104.4,1934,926,1008,5.5,4.7,6.7,91.9,1633,824,809,4.7,4.2,5.3,101.9,1224,611,613,3.5,3.1,4,99.7,831,402,429,2.4,2,2.8,93.7,419,182,237,1.2,0.9,1.6,76.8,187,59,128,0.5,0.3,0.8,46.1,7835,4145,3690,22.5,21,24.4,112.3,20799,12569,8230,59.7,63.7,54.3,152.7,3707,2479,1228,10.6,12.6,8.1,201.9,8780,5518,3262,25.2,28,21.5,169.2,4607,2953,1654,13.2,15,10.9,178.5,4173,2565,1608,12,13,10.6,159.5,8312,4572,3740,23.8,23.2,24.7,122.2,4348,2471,1877,12.5,12.5,12.4,131.6,3964,2101,1863,11.4,10.7,12.3,112.8,6228,3004,3224,17.9,15.2,21.3,93.2,3567,1750,1817,10.2,8.9,12,96.3,2055,1013,1042,5.9,5.1,6.9,97.2,606,241,365,1.7,1.2,2.4,66,28008,16134,11874,80.3,81.8,78.4,135.9,27027,15573,11454,77.5,79,75.6,136,25467,14546,10921,73.1,73.8,72.1,133.2,8190
0500000US12029,12029,"Dixie County, Florida",16422,8842,7580,100,100,100,116.6,865,439,426,5.3,5,5.6,103.1,885,459,426,5.4,5.2,5.6,107.7,859,430,429,5.2,4.9,5.7,100.2,880,469,411,5.4,5.3,5.4,114.1,872,490,382,5.3,5.5,5,128.3,929,544,385,5.7,6.2,5.1,141.3,923,565,358,5.6,6.4,4.7,157.8,856,520,336,5.2,5.9,4.4,154.8,1058,604,454,6.4,6.8,6,133,1253,706,547,7.6,8,7.2,129.1,1321,723,598,8,8.2,7.9,120.9,1243,638,605,7.6,7.2,8,105.5,1308,649,659,8,7.3,8.7,98.5,1132,579,553,6.9,6.5,7.3,104.7,865,463,402,5.3,5.2,5.3,115.2,576,312,264,3.5,3.5,3.5,118.2,347,148,199,2.1,1.7,2.6,74.4,173,78,95,1.1,0.9,1.3,82.1,77,26,51,0.5,0.3,0.7,51,3144,1630,1514,19.1,18.4,20,107.7,10108,5606,4502,61.6,63.4,59.4,124.5,1217,657,560,7.4,7.4,7.4,117.3,3766,2233,1533,22.9,25.3,20.2,145.7,1852,1109,743,11.3,12.5,9.8,149.3,1914,1124,790,11.7,12.7,10.4,142.3,5125,2716,2409,31.2,30.7,31.8,112.7,2574,1429,1145,15.7,16.2,15.1,124.8,2551,1287,1264,15.5,14.6,16.7,101.8,3170,1606,1564,19.3,18.2,20.6,102.7,1997,1042,955,12.2,11.8,12.6,109.1,923,460,463,5.6,5.2,6.1,99.4,250,104,146,1.5,1.2,1.9,71.2,13643,7419,6224,83.1,83.9,82.1,119.2,13278,7212,6066,80.9,81.6,80,118.9,12780,6975,5805,77.8,78.9,76.6,120.2,4478
0500000US12031,12031,"Duval County, Florida",864263,419425,444838,100,100,100,94.3,59501,30386,29115,6.9,7.2,6.5,104.4,55355,28186,27169,6.4,6.7,6.1,103.7,55072,27808,27264,6.4,6.6,6.1,102,58187,29480,28707,6.7,7,6.5,102.7,66043,33486,32557,7.6,8,7.3,102.9,68856,34142,34714,8,8.1,7.8,98.4,59999,29539,30460,6.9,7,6.8,97,58323,28788,29535,6.7,6.9,6.6,97.5,58625,28868,29757,6.8,6.9,6.7,97,65294,31740,33554,7.6,7.6,7.5,94.6,63074,30290,32784,7.3,7.2,7.4,92.4,54525,25696,28829,6.3,6.1,6.5,89.1,45240,21271,23969,5.2,5.1,5.4,88.7,31081,14018,17063,3.6,3.3,3.8,82.2,22182,9807,12375,2.6,2.3,2.8,79.2,16877,7043,9834,2,1.7,2.2,71.6,13259,4982,8277,1.5,1.2,1.9,60.2,8554,2795,5759,1,0.7,1.3,48.5,4216,1100,3116,0.5,0.3,0.7,35.3,203514,103477,100037,23.5,24.7,22.5,103.4,564580,276203,288377,65.3,65.9,64.8,95.8,90644,45869,44775,10.5,10.9,10.1,102.4,245803,121337,124466,28.4,28.9,28,97.5,128855,63681,65174,14.9,15.2,14.7,97.7,116948,57656,59292,13.5,13.7,13.3,97.2,228133,108997,119136,26.4,26,26.8,91.5,128368,62030,66338,14.9,14.8,14.9,93.5,99765,46967,52798,11.5,11.2,11.9,89,96169,39745,56424,11.1,9.5,12.7,70.4,53263,23825,29438,6.2,5.7,6.6,80.9,30136,12025,18111,3.5,2.9,4.1,66.4,12770,3895,8875,1.5,0.9,2,43.9,683582,327613,355969,79.1,78.1,80,92,660749,315948,344801,76.5,75.3,77.5,91.6,623459,297062,326397,72.1,70.8,73.4,91,141409
0500000US12033,12033,"Escambia County, Florida",297619,147119,150500,100,100,100,97.8,18787,9476,9311,6.3,6.4,6.2,101.8,17210,8793,8417,5.8,6,5.6,104.5,17092,8664,8428,5.7,5.9,5.6,102.8,23216,12492,10724,7.8,8.5,7.1,116.5,26402,13838,12564,8.9,9.4,8.3,110.1,20975,10896,10079,7,7.4,6.7,108.1,17141,8736,8405,5.8,5.9,5.6,103.9,16632,8443,8189,5.6,5.7,5.4,103.1,17380,8650,8730,5.8,5.9,5.8,99.1,21194,10554,10640,7.1,7.2,7.1,99.2,22000,10779,11221,7.4,7.3,7.5,96.1,19379,9224,10155,6.5,6.3,6.7,90.8,17282,8136,9146,5.8,5.5,6.1,89,13276,6099,7177,4.5,4.1,4.8,85,10208,4673,5535,3.4,3.2,3.7,84.4,8097,3483,4614,2.7,2.4,3.1,75.5,6019,2377,3642,2,1.6,2.4,65.3,3652,1296,2356,1.2,0.9,1.6,55,1677,510,1167,0.6,0.3,0.8,43.7,64154,32693,31461,21.6,22.2,20.9,103.9,190536,95988,94548,64,65.2,62.8,101.5,38553,20570,17983,13,14,11.9,114.4,72128,36725,35403,24.2,25,23.5,103.7,38116,19632,18484,12.8,13.3,12.3,106.2,34012,17093,16919,11.4,11.6,11.2,101,79855,38693,41162,26.8,26.3,27.4,94,43194,21333,21861,14.5,14.5,14.5,97.6,36661,17360,19301,12.3,11.8,12.8,89.9,42929,18438,24491,14.4,12.5,16.3,75.3,23484,10772,12712,7.9,7.3,8.4,84.7,14116,5860,8256,4.7,4,5.5,71,5329,1806,3523,1.8,1.2,2.3,51.3,241087,118412,122675,81,80.5,81.5,96.5,233465,114426,119039,78.4,77.8,79.1,96.1,215397,104573,110824,72.4,71.1,73.6,94.4,60211
0500000US12035,12035,"Flagler County, Florida",95696,46016,49680,100,100,100,92.6,4766,2434,2332,5,5.3,4.7,104.4,5153,2598,2555,5.4,5.6,5.1,101.7,5571,2918,2653,5.8,6.3,5.3,110,5572,2868,2704,5.8,6.2,5.4,106.1,3959,1983,1976,4.1,4.3,4,100.4,4300,2059,2241,4.5,4.5,4.5,91.9,4711,2297,2414,4.9,5,4.9,95.2,5143,2458,2685,5.4,5.3,5.4,91.5,5620,2688,2932,5.9,5.8,5.9,91.7,6142,2864,3278,6.4,6.2,6.6,87.4,6529,2957,3572,6.8,6.4,7.2,82.8,6864,3058,3806,7.2,6.6,7.7,80.3,7961,3651,4310,8.3,7.9,8.7,84.7,7528,3660,3868,7.9,8,7.8,94.6,6065,3041,3024,6.3,6.6,6.1,100.6,4327,2105,2222,4.5,4.6,4.5,94.7,3078,1431,1647,3.2,3.1,3.3,86.9,1702,717,985,1.8,1.6,2,72.8,705,229,476,0.7,0.5,1,48.1,19036,9744,9292,19.9,21.2,18.7,104.9,53255,25089,28166,55.7,54.5,56.7,89.1,5985,3057,2928,6.3,6.6,5.9,104.4,19774,9502,10272,20.7,20.6,20.7,92.5,9011,4356,4655,9.4,9.5,9.4,93.6,10763,5146,5617,11.2,11.2,11.3,91.6,27496,12530,14966,28.7,27.2,30.1,83.7,12671,5821,6850,13.2,12.6,13.8,85,14825,6709,8116,15.5,14.6,16.3,82.7,23405,11183,12222,24.5,24.3,24.6,91.5,13593,6701,6892,14.2,14.6,13.9,97.2,7405,3536,3869,7.7,7.7,7.8,91.4,2407,946,1461,2.5,2.1,2.9,64.8,79025,37469,41556,82.6,81.4,83.6,90.2,76660,36272,40388,80.1,78.8,81.3,89.8,73758,34741,39017,77.1,75.5,78.5,89,31366
0500000US12037,12037,"Franklin County, Florida",11549,6656,4893,100,100,100,136,593,299,294,5.1,4.5,6,101.7,525,280,245,4.5,4.2,5,114.3,539,281,258,4.7,4.2,5.3,108.9,514,265,249,4.5,4,5.1,106.4,692,455,237,6,6.8,4.8,192,952,696,256,8.2,10.5,5.2,271.9,847,584,263,7.3,8.8,5.4,222.1,749,502,247,6.5,7.5,5,203.2,737,461,276,6.4,6.9,5.6,167,880,520,360,7.6,7.8,7.4,144.4,836,440,396,7.2,6.6,8.1,111.1,844,431,413,7.3,6.5,8.4,104.4,826,419,407,7.2,6.3,8.3,102.9,728,392,336,6.3,5.9,6.9,116.7,553,281,272,4.8,4.2,5.6,103.3,330,177,153,2.9,2.7,3.1,115.7,214,105,109,1.9,1.6,2.2,96.3,126,53,73,1.1,0.8,1.5,72.6,64,15,49,0.6,0.2,1,30.6,1970,1019,951,17.1,15.3,19.4,107.2,7564,4614,2950,65.5,69.3,60.3,156.4,893,561,332,7.7,8.4,6.8,169,3285,2243,1042,28.4,33.7,21.3,215.3,1799,1280,519,15.6,19.2,10.6,246.6,1486,963,523,12.9,14.5,10.7,184.1,3386,1810,1576,29.3,27.2,32.2,114.8,1716,960,756,14.9,14.4,15.5,127,1670,850,820,14.5,12.8,16.8,103.7,2015,1023,992,17.4,15.4,20.3,103.1,1281,673,608,11.1,10.1,12.4,110.7,544,282,262,4.7,4.2,5.4,107.6,190,68,122,1.6,1,2.5,55.7,9798,5748,4050,84.8,86.4,82.8,141.9,9579,5637,3942,82.9,84.7,80.6,143,9285,5480,3805,80.4,82.3,77.8,144,2841
0500000US12039,12039,"Gadsden County, Florida",46389,22647,23742,100,100,100,95.4,3213,1608,1605,6.9,7.1,6.8,100.2,3109,1569,1540,6.7,6.9,6.5,101.9,2969,1510,1459,6.4,6.7,6.1,103.5,3168,1586,1582,6.8,7,6.7,100.3,2691,1404,1287,5.8,6.2,5.4,109.1,2995,1493,1502,6.5,6.6,6.3,99.4,2805,1415,1390,6,6.2,5.9,101.8,2906,1392,1514,6.3,6.1,6.4,91.9,2950,1467,1483,6.4,6.5,6.2,98.9,3324,1605,1719,7.2,7.1,7.2,93.4,3642,1839,1803,7.9,8.1,7.6,102,3502,1716,1786,7.5,7.6,7.5,96.1,2792,1342,1450,6,5.9,6.1,92.6,2094,950,1144,4.5,4.2,4.8,83,1608,743,865,3.5,3.3,3.6,85.9,1184,506,678,2.6,2.2,2.9,74.6,764,299,465,1.6,1.3,2,64.3,434,149,285,0.9,0.7,1.2,52.3,239,54,185,0.5,0.2,0.8,29.2,11205,5640,5565,24.2,24.9,23.4,101.3,28861,14306,14555,62.2,63.2,61.3,98.3,3945,2037,1908,8.5,9,8,106.8,11656,5767,5889,25.1,25.5,24.8,97.9,5800,2908,2892,12.5,12.8,12.2,100.6,5856,2859,2997,12.6,12.6,12.6,95.4,13260,6502,6758,28.6,28.7,28.5,96.2,6966,3444,3522,15,15.2,14.8,97.8,6294,3058,3236,13.6,13.5,13.6,94.5,6323,2701,3622,13.6,11.9,15.3,74.6,3702,1693,2009,8,7.5,8.5,84.3,1948,805,1143,4.2,3.6,4.8,70.4,673,203,470,1.5,0.9,2,43.2,36513,17668,18845,78.7,78,79.4,93.8,35184,17007,18177,75.8,75.1,76.6,93.6,33349,16070,17279,71.9,71,72.8,93,9115
0500000US12041,12041,"Gilchrist County, Florida",16939,8836,8103,100,100,100,109,909,449,460,5.4,5.1,5.7,97.6,955,480,475,5.6,5.4,5.9,101.1,1085,549,536,6.4,6.2,6.6,102.4,1381,861,520,8.2,9.7,6.4,165.6,1480,1067,413,8.7,12.1,5.1,258.4,832,434,398,4.9,4.9,4.9,109,781,382,399,4.6,4.3,4.9,95.7,900,431,469,5.3,4.9,5.8,91.9,1044,533,511,6.2,6,6.3,104.3,1183,598,585,7,6.8,7.2,102.2,1257,636,621,7.4,7.2,7.7,102.4,1157,559,598,6.8,6.3,7.4,93.5,1119,541,578,6.6,6.1,7.1,93.6,996,508,488,5.9,5.7,6,104.1,674,334,340,4,3.8,4.2,98.2,495,229,266,2.9,2.6,3.3,86.1,343,146,197,2,1.7,2.4,74.1,199,65,134,1.2,0.7,1.7,48.5,149,34,115,0.9,0.4,1.4,29.6,3631,1836,1795,21.4,20.8,22.2,102.3,10452,5684,4768,61.7,64.3,58.8,119.2,2179,1570,609,12.9,17.8,7.5,257.8,3557,1780,1777,21,20.1,21.9,100.2,1613,816,797,9.5,9.2,9.8,102.4,1944,964,980,11.5,10.9,12.1,98.4,4716,2334,2382,27.8,26.4,29.4,98,2440,1234,1206,14.4,14,14.9,102.3,2276,1100,1176,13.4,12.4,14.5,93.5,2856,1316,1540,16.9,14.9,19,85.5,1670,842,828,9.9,9.5,10.2,101.7,838,375,463,4.9,4.2,5.7,81,348,99,249,2.1,1.1,3.1,39.8,13767,7239,6528,81.3,81.9,80.6,110.9,13308,7000,6308,78.6,79.2,77.8,111,12129,6104,6025,71.6,69.1,74.4,101.3,3975
0500000US12043,12043,"Glades County, Florida",12884,7443,5441,100,100,100,136.8,718,357,361,5.6,4.8,6.6,98.9,645,330,315,5,4.4,5.8,104.8,661,354,307,5.1,4.8,5.6,115.3,687,397,290,5.3,5.3,5.3,136.9,718,454,264,5.6,6.1,4.9,172,896,599,297,7,8,5.5,201.7,778,525,253,6,7.1,4.6,207.5,806,555,251,6.3,7.5,4.6,221.1,856,525,331,6.6,7.1,6.1,158.6,859,540,319,6.7,7.3,5.9,169.3,810,482,328,6.3,6.5,6,147,854,449,405,6.6,6,7.4,110.9,829,436,393,6.4,5.9,7.2,110.9,907,458,449,7,6.2,8.3,102,821,433,388,6.4,5.8,7.1,111.6,520,286,234,4,3.8,4.3,122.2,333,180,153,2.6,2.4,2.8,117.6,139,67,72,1.1,0.9,1.3,93.1,47,16,31,0.4,0.2,0.6,51.6,2417,1262,1155,18.8,17,21.2,109.3,7700,4741,2959,59.8,63.7,54.4,160.2,1012,630,382,7.9,8.5,7,164.9,3336,2204,1132,25.9,29.6,20.8,194.7,1674,1124,550,13,15.1,10.1,204.4,1662,1080,582,12.9,14.5,10.7,185.6,3352,1907,1445,26,25.6,26.6,132,1669,1022,647,13,13.7,11.9,158,1683,885,798,13.1,11.9,14.7,110.9,2767,1440,1327,21.5,19.3,24.4,108.5,1728,891,837,13.4,12,15.4,106.5,853,466,387,6.6,6.3,7.1,120.4,186,83,103,1.4,1.1,1.9,80.6,10737,6328,4409,83.3,85,81,143.5,10467,6181,4286,81.2,83,78.8,144.2,10024,5917,4107,77.8,79.5,75.5,144.1,3596
0500000US12045,12045,"Gulf County, Florida",15863,9484,6379,100,100,100,148.7,649,312,337,4.1,3.3,5.3,92.6,649,324,325,4.1,3.4,5.1,99.7,808,426,382,5.1,4.5,6,111.5,752,403,349,4.7,4.2,5.5,115.5,926,652,274,5.8,6.9,4.3,238,1206,932,274,7.6,9.8,4.3,340.1,1154,831,323,7.3,8.8,5.1,257.3,1125,785,340,7.1,8.3,5.3,230.9,1241,828,413,7.8,8.7,6.5,200.5,1358,886,472,8.6,9.3,7.4,187.7,1215,715,500,7.7,7.5,7.8,143,1139,619,520,7.2,6.5,8.2,119,1054,552,502,6.6,5.8,7.9,110,854,444,410,5.4,4.7,6.4,108.3,652,299,353,4.1,3.2,5.5,84.7,488,244,244,3.1,2.6,3.8,100,349,149,200,2.2,1.6,3.1,74.5,164,59,105,1,0.6,1.6,56.2,80,24,56,0.5,0.3,0.9,42.9,2574,1301,1273,16.2,13.7,20,102.2,10702,6964,3738,67.5,73.4,58.6,186.3,1210,816,394,7.6,8.6,6.2,207.1,4726,3376,1350,29.8,35.6,21.2,250.1,2360,1763,597,14.9,18.6,9.4,295.3,2366,1613,753,14.9,17,11.8,214.2,4766,2772,1994,30,29.2,31.3,139,2573,1601,972,16.2,16.9,15.2,164.7,2193,1171,1022,13.8,12.3,16,114.6,2587,1219,1368,16.3,12.9,21.4,89.1,1506,743,763,9.5,7.8,12,97.4,837,393,444,5.3,4.1,7,88.5,244,83,161,1.5,0.9,2.5,51.6,13623,8359,5264,85.9,88.1,82.5,158.8,13289,8183,5106,83.8,86.3,80,160.3,12861,7950,4911,81.1,83.8,77,161.9,3641
0500000US12047,12047,"Hamilton County, Florida",14799,8721,6078,100,100,100,143.5,776,378,398,5.2,4.3,6.5,95,781,419,362,5.3,4.8,6,115.7,822,432,390,5.6,5,6.4,110.8,971,578,393,6.6,6.6,6.5,147.1,1519,1162,357,10.3,13.3,5.9,325.5,1051,752,299,7.1,8.6,4.9,251.5,911,614,297,6.2,7,4.9,206.7,952,596,356,6.4,6.8,5.9,167.4,962,590,372,6.5,6.8,6.1,158.6,1050,644,406,7.1,7.4,6.7,158.6,1128,668,460,7.6,7.7,7.6,145.2,1009,530,479,6.8,6.1,7.9,110.6,921,454,467,6.2,5.2,7.7,97.2,705,367,338,4.8,4.2,5.6,108.6,476,214,262,3.2,2.5,4.3,81.7,361,179,182,2.4,2.1,3,98.4,218,95,123,1.5,1.1,2,77.2,117,29,88,0.8,0.3,1.4,33,69,20,49,0.5,0.2,0.8,40.8,2913,1533,1380,19.7,17.6,22.7,111.1,9940,6284,3656,67.2,72.1,60.2,171.9,1956,1436,520,13.2,16.5,8.6,276.2,3876,2552,1324,26.2,29.3,21.8,192.7,1962,1366,596,13.3,15.7,9.8,229.2,1914,1186,728,12.9,13.6,12,162.9,4108,2296,1812,27.8,26.3,29.8,126.7,2178,1312,866,14.7,15,14.2,151.5,1930,984,946,13,11.3,15.6,104,1946,904,1042,13.1,10.4,17.1,86.8,1181,581,600,8,6.7,9.9,96.8,579,274,305,3.9,3.1,5,89.8,186,49,137,1.3,0.6,2.3,35.8,12262,7391,4871,82.9,84.7,80.1,151.7,11886,7188,4698,80.3,82.4,77.3,153,11132,6669,4463,75.2,76.5,73.4,149.4,2867
0500000US12049,12049,"Hardee County, Florida",27731,14868,12863,100,100,100,115.6,2227,1152,1075,8,7.7,8.4,107.2,2173,1076,1097,7.8,7.2,8.5,98.1,2041,1059,982,7.4,7.1,7.6,107.8,2178,1256,922,7.9,8.4,7.2,136.2,2202,1343,859,7.9,9,6.7,156.3,2106,1262,844,7.6,8.5,6.6,149.5,1664,880,784,6,5.9,6.1,112.2,1775,985,790,6.4,6.6,6.1,124.7,1687,948,739,6.1,6.4,5.7,128.3,1757,894,863,6.3,6,6.7,103.6,1597,870,727,5.8,5.9,5.7,119.7,1462,781,681,5.3,5.3,5.3,114.7,1287,660,627,4.6,4.4,4.9,105.3,1152,570,582,4.2,3.8,4.5,97.9,919,457,462,3.3,3.1,3.6,98.9,639,303,336,2.3,2,2.6,90.2,479,232,247,1.7,1.6,1.9,93.9,271,102,169,1,0.7,1.3,60.4,115,38,77,0.4,0.3,0.6,49.4,7675,3952,3723,27.7,26.6,28.9,106.2,16481,9214,7267,59.4,62,56.5,126.8,3146,1934,1212,11.3,13,9.4,159.6,7232,4075,3157,26.1,27.4,24.5,129.1,3770,2142,1628,13.6,14.4,12.7,131.6,3462,1933,1529,12.5,13,11.9,126.4,6103,3205,2898,22,21.6,22.5,110.6,3354,1764,1590,12.1,11.9,12.4,110.9,2749,1441,1308,9.9,9.7,10.2,110.2,3575,1702,1873,12.9,11.4,14.6,90.9,2071,1027,1044,7.5,6.9,8.1,98.4,1118,535,583,4,3.6,4.5,91.8,386,140,246,1.4,0.9,1.9,56.9,20882,11343,9539,75.3,76.3,74.2,118.9,20056,10916,9140,72.3,73.4,71.1,119.4,18716,10098,8618,67.5,67.9,67,117.2,4862
0500000US12051,12051,"Hendry County, Florida",39140,21198,17942,100,100,100,118.1,3131,1618,1513,8,7.6,8.4,106.9,2965,1522,1443,7.6,7.2,8,105.5,2863,1480,1383,7.3,7,7.7,107,3188,1672,1516,8.1,7.9,8.4,110.3,3004,1770,1234,7.7,8.3,6.9,143.4,2913,1770,1143,7.4,8.3,6.4,154.9,2663,1580,1083,6.8,7.5,6,145.9,2695,1481,1214,6.9,7,6.8,122,2571,1413,1158,6.6,6.7,6.5,122,2610,1429,1181,6.7,6.7,6.6,121,2398,1309,1089,6.1,6.2,6.1,120.2,1902,988,914,4.9,4.7,5.1,108.1,1746,877,869,4.5,4.1,4.8,100.9,1459,757,702,3.7,3.6,3.9,107.8,1149,612,537,2.9,2.9,3,114,832,428,404,2.1,2,2.3,105.9,577,291,286,1.5,1.4,1.6,101.7,322,146,176,0.8,0.7,1,83,152,55,97,0.4,0.3,0.5,56.7,10886,5609,5277,27.8,26.5,29.4,106.3,23763,13300,10463,60.7,62.7,58.3,127.1,4265,2453,1812,10.9,11.6,10.1,135.4,10842,6244,4598,27.7,29.5,25.6,135.8,5576,3350,2226,14.2,15.8,12.4,150.5,5266,2894,2372,13.5,13.7,13.2,122,8656,4603,4053,22.1,21.7,22.6,113.6,5008,2738,2270,12.8,12.9,12.7,120.6,3648,1865,1783,9.3,8.8,9.9,104.6,4491,2289,2202,11.5,10.8,12.3,104,2608,1369,1239,6.7,6.5,6.9,110.5,1409,719,690,3.6,3.4,3.8,104.2,474,201,273,1.2,0.9,1.5,73.6,29555,16234,13321,75.5,76.6,74.2,121.9,28254,15589,12665,72.2,73.5,70.6,123.1,26384,14549,11835,67.4,68.6,66,122.9,6237
0500000US12053,12053,"Hernando County, Florida",172778,82534,90244,100,100,100,91.5,8504,4317,4187,4.9,5.2,4.6,103.1,9240,4530,4710,5.3,5.5,5.2,96.2,10095,5142,4953,5.8,6.2,5.5,103.8,9957,5060,4897,5.8,6.1,5.4,103.3,7823,3877,3946,4.5,4.7,4.4,98.3,7581,3707,3874,4.4,4.5,4.3,95.7,7778,3707,4071,4.5,4.5,4.5,91.1,8914,4199,4715,5.2,5.1,5.2,89.1,10179,4896,5283,5.9,5.9,5.9,92.7,11772,5641,6131,6.8,6.8,6.8,92,11941,5638,6303,6.9,6.8,7,89.4,11520,5261,6259,6.7,6.4,6.9,84.1,12951,5985,6966,7.5,7.3,7.7,85.9,12680,5977,6703,7.3,7.2,7.4,89.2,10553,5082,5471,6.1,6.2,6.1,92.9,8836,4217,4619,5.1,5.1,5.1,91.3,6944,3089,3855,4,3.7,4.3,80.1,3944,1642,2302,2.3,2,2.6,71.3,1566,567,999,0.9,0.7,1.1,56.8,34158,17230,16928,19.8,20.9,18.8,101.8,94097,44730,49367,54.5,54.2,54.7,90.6,11461,5696,5765,6.6,6.9,6.4,98.8,34452,16509,17943,19.9,20,19.9,92,15359,7414,7945,8.9,9,8.8,93.3,19093,9095,9998,11.1,11,11.1,91,48184,22525,25659,27.9,27.3,28.4,87.8,23713,11279,12434,13.7,13.7,13.8,90.7,24471,11246,13225,14.2,13.6,14.7,85,44523,20574,23949,25.8,24.9,26.5,85.9,23233,11059,12174,13.4,13.4,13.5,90.8,15780,7306,8474,9.1,8.9,9.4,86.2,5510,2209,3301,3.2,2.7,3.7,66.9,142887,67482,75405,82.7,81.8,83.6,89.5,138620,65304,73316,80.2,79.1,81.2,89.1,133211,62611,70600,77.1,75.9,78.2,88.7,57474
0500000US12055,12055,"Highlands County, Florida",98786,48273,50513,100,100,100,95.6,4988,2583,2405,5,5.4,4.8,107.4,4858,2463,2395,4.9,5.1,4.7,102.8,4957,2558,2399,5,5.3,4.7,106.6,5211,2741,2470,5.3,5.7,4.9,111,4451,2393,2058,4.5,5,4.1,116.3,4415,2290,2125,4.5,4.7,4.2,107.8,4197,2125,2072,4.2,4.4,4.1,102.6,4210,2086,2124,4.3,4.3,4.2,98.2,4646,2377,2269,4.7,4.9,4.5,104.8,5641,2709,2932,5.7,5.6,5.8,92.4,6068,2961,3107,6.1,6.1,6.2,95.3,6083,2817,3266,6.2,5.8,6.5,86.3,7239,3227,4012,7.3,6.7,7.9,80.4,8487,3976,4511,8.6,8.2,8.9,88.1,7880,3862,4018,8,8,8,96.1,6393,3077,3316,6.5,6.4,6.6,92.8,4901,2362,2539,5,4.9,5,93,2897,1215,1682,2.9,2.5,3.3,72.2,1264,451,813,1.3,0.9,1.6,55.5,17972,9280,8692,18.2,19.2,17.2,106.8,48992,24050,24942,49.6,49.8,49.4,96.4,6493,3458,3035,6.6,7.2,6,113.9,17468,8878,8590,17.7,18.4,17,103.4,8612,4415,4197,8.7,9.1,8.3,105.2,8856,4463,4393,9,9.2,8.7,101.6,25031,11714,13317,25.3,24.3,26.4,88,11709,5670,6039,11.9,11.7,12,93.9,13322,6044,7278,13.5,12.5,14.4,83,31822,14943,16879,32.2,31,33.4,88.5,16367,7838,8529,16.6,16.2,16.9,91.9,11294,5439,5855,11.4,11.3,11.6,92.9,4161,1666,2495,4.2,3.5,4.9,66.8,83003,40155,42848,84,83.2,84.8,93.7,80814,38993,41821,81.8,80.8,82.8,93.2,77819,37420,40399,78.8,77.5,80,92.6,39061
0500000US12057,12057,"Hillsborough County, Florida",1229226,599084,630142,100,100,100,95.1,80459,41220,39239,6.5,6.9,6.2,105,79737,40719,39018,6.5,6.8,6.2,104.4,82835,42407,40428,6.7,7.1,6.4,104.9,88167,44848,43319,7.2,7.5,6.9,103.5,91853,44505,47348,7.5,7.4,7.5,94,90023,44008,46015,7.3,7.3,7.3,95.6,83854,41339,42515,6.8,6.9,6.7,97.2,86098,42426,43672,7,7.1,6.9,97.1,88244,43700,44544,7.2,7.3,7.1,98.1,93099,45817,47282,7.6,7.6,7.5,96.9,84959,41463,43496,6.9,6.9,6.9,95.3,72285,34443,37842,5.9,5.7,6,91,62376,29665,32711,5.1,5,5.2,90.7,45801,21342,24459,3.7,3.6,3.9,87.3,33971,15292,18679,2.8,2.6,3,81.9,26553,11607,14946,2.2,1.9,2.4,77.7,20347,8101,12246,1.7,1.4,1.9,66.2,12447,4448,7999,1,0.7,1.3,55.6,6118,1734,4384,0.5,0.3,0.7,39.6,294208,150794,143414,23.9,25.2,22.8,105.1,789781,385766,404015,64.3,64.4,64.1,95.5,128843,62905,65938,10.5,10.5,10.5,95.4,348219,171473,176746,28.3,28.6,28,97,173877,85347,88530,14.1,14.2,14,96.4,174342,86126,88216,14.2,14.4,14,97.6,312719,151388,161331,25.4,25.3,25.6,93.8,178058,87280,90778,14.5,14.6,14.4,96.1,134661,64108,70553,11,10.7,11.2,90.9,145237,62524,82713,11.8,10.4,13.1,75.6,79772,36634,43138,6.5,6.1,6.8,84.9,46900,19708,27192,3.8,3.3,4.3,72.5,18565,6182,12383,1.5,1,2,49.9,969405,466035,503370,78.9,77.8,79.9,92.6,935018,448290,486728,76.1,74.8,77.2,92.1,878763,420601,458162,71.5,70.2,72.7,91.8,207613
0500000US12059,12059,"Holmes County, Florida",19927,10594,9333,100,100,100,113.5,1136,595,541,5.7,5.6,5.8,110,1130,588,542,5.7,5.6,5.8,108.5,1186,629,557,6,5.9,6,112.9,1310,722,588,6.6,6.8,6.3,122.8,1280,804,476,6.4,7.6,5.1,168.9,1255,759,496,6.3,7.2,5.3,153,1091,634,457,5.5,6,4.9,138.7,1220,675,545,6.1,6.4,5.8,123.9,1367,756,611,6.9,7.1,6.5,123.7,1430,798,632,7.2,7.5,6.8,126.3,1466,736,730,7.4,6.9,7.8,100.8,1343,678,665,6.7,6.4,7.1,102,1288,641,647,6.5,6.1,6.9,99.1,1102,529,573,5.5,5,6.1,92.3,919,440,479,4.6,4.2,5.1,91.9,638,317,321,3.2,3,3.4,98.8,425,178,247,2.1,1.7,2.6,72.1,231,87,144,1.2,0.8,1.5,60.4,110,28,82,0.6,0.3,0.9,34.1,4282,2278,2004,21.5,21.5,21.5,113.7,12220,6737,5483,61.3,63.6,58.7,122.9,1760,1060,700,8.8,10,7.5,151.4,4933,2824,2109,24.8,26.7,22.6,133.9,2346,1393,953,11.8,13.1,10.2,146.2,2587,1431,1156,13,13.5,12.4,123.8,5527,2853,2674,27.7,26.9,28.7,106.7,2896,1534,1362,14.5,14.5,14.6,112.6,2631,1319,1312,13.2,12.5,14.1,100.5,3425,1579,1846,17.2,14.9,19.8,85.5,2021,969,1052,10.1,9.1,11.3,92.1,1063,495,568,5.3,4.7,6.1,87.1,341,115,226,1.7,1.1,2.4,50.9,16194,8635,7559,81.3,81.5,81,114.2,15645,8316,7329,78.5,78.5,78.5,113.5,14932,7930,7002,74.9,74.9,75,113.3,4713
0500000US12061,12061,"Indian River County, Florida",138028,66748,71280,100,100,100,93.6,6508,3254,3254,4.7,4.9,4.6,100,7024,3610,3414,5.1,5.4,4.8,105.7,7463,3813,3650,5.4,5.7,5.1,104.5,8012,4383,3629,5.8,6.6,5.1,120.8,6037,3156,2881,4.4,4.7,4,109.5,6421,3345,3076,4.7,5,4.3,108.7,6034,2996,3038,4.4,4.5,4.3,98.6,6551,3245,3306,4.7,4.9,4.6,98.2,7664,3691,3973,5.6,5.5,5.6,92.9,9168,4414,4754,6.6,6.6,6.7,92.8,9809,4644,5165,7.1,7,7.2,89.9,9581,4465,5116,6.9,6.7,7.2,87.3,10252,4635,5617,7.4,6.9,7.9,82.5,9651,4469,5182,7,6.7,7.3,86.2,8385,3937,4448,6.1,5.9,6.2,88.5,7535,3535,4000,5.5,5.3,5.6,88.4,6255,2797,3458,4.5,4.2,4.9,80.9,3840,1678,2162,2.8,2.5,3,77.6,1838,681,1157,1.3,1,1.6,58.9,25952,13293,12659,18.8,19.9,17.8,105,74572,36358,38214,54,54.5,53.6,95.1,9092,4923,4169,6.6,7.4,5.8,118.1,26670,13277,13393,19.3,19.9,18.8,99.1,12455,6341,6114,9,9.5,8.6,103.7,14215,6936,7279,10.3,10.4,10.2,95.3,38810,18158,20652,28.1,27.2,29,87.9,18977,9058,9919,13.7,13.6,13.9,91.3,19833,9100,10733,14.4,13.6,15.1,84.8,37504,17097,20407,27.2,25.6,28.6,83.8,18036,8406,9630,13.1,12.6,13.5,87.3,13790,6332,7458,10,9.5,10.5,84.9,5678,2359,3319,4.1,3.5,4.7,71.1,115389,55253,60136,83.6,82.8,84.4,91.9,112076,53455,58621,81.2,80.1,82.2,91.2,107856,51078,56778,78.1,76.5,79.7,90,47756
0500000US12063,12063,"Jackson County, Florida",49746,27252,22494,100,100,100,121.2,2610,1337,1273,5.2,4.9,5.7,105,2769,1454,1315,5.6,5.3,5.8,110.6,2697,1375,1322,5.4,5,5.9,104,3170,1650,1520,6.4,6.1,6.8,108.6,3237,1993,1244,6.5,7.3,5.5,160.2,3148,1912,1236,6.3,7,5.5,154.7,3196,1988,1208,6.4,7.3,5.4,164.6,3636,2322,1314,7.3,8.5,5.8,176.7,3451,2113,1338,6.9,7.8,5.9,157.9,3783,2217,1566,7.6,8.1,7,141.6,3754,2073,1681,7.5,7.6,7.5,123.3,3461,1845,1616,7,6.8,7.2,114.2,3033,1584,1449,6.1,5.8,6.4,109.3,2478,1177,1301,5,4.3,5.8,90.5,1877,863,1014,3.8,3.2,4.5,85.1,1428,613,815,2.9,2.2,3.6,75.2,1049,431,618,2.1,1.6,2.7,69.7,623,213,410,1.3,0.8,1.8,52,346,92,254,0.7,0.3,1.1,36.2,9907,5101,4806,19.9,18.7,21.4,106.1,32038,18762,13276,64.4,68.8,59,141.3,4576,2708,1868,9.2,9.9,8.3,145,13431,8335,5096,27,30.6,22.7,163.6,6344,3900,2444,12.8,14.3,10.9,159.6,7087,4435,2652,14.2,16.3,11.8,167.2,14031,7719,6312,28.2,28.3,28.1,122.3,7537,4290,3247,15.2,15.7,14.4,132.1,6494,3429,3065,13.1,12.6,13.6,111.9,7801,3389,4412,15.7,12.4,19.6,76.8,4355,2040,2315,8.8,7.5,10.3,88.1,2477,1044,1433,5,3.8,6.4,72.9,969,305,664,1.9,1.1,3,45.9,41117,22815,18302,82.7,83.7,81.4,124.7,39839,22151,17688,80.1,81.3,78.6,125.2,37838,21045,16793,76.1,77.2,74.7,125.3,10834
0500000US12065,12065,"Jefferson County, Florida",14761,7727,7034,100,100,100,109.9,777,406,371,5.3,5.3,5.3,109.4,766,392,374,5.2,5.1,5.3,104.8,756,391,365,5.1,5.1,5.2,107.1,765,387,378,5.2,5,5.4,102.4,810,433,377,5.5,5.6,5.4,114.9,827,509,318,5.6,6.6,4.5,160.1,942,570,372,6.4,7.4,5.3,153.2,905,525,380,6.1,6.8,5.4,138.2,1015,566,449,6.9,7.3,6.4,126.1,1152,645,507,7.8,8.3,7.2,127.2,1275,659,616,8.6,8.5,8.8,107,1233,579,654,8.4,7.5,9.3,88.5,1106,577,529,7.5,7.5,7.5,109.1,849,416,433,5.8,5.4,6.2,96.1,564,275,289,3.8,3.6,4.1,95.2,387,163,224,2.6,2.1,3.2,72.8,337,138,199,2.3,1.8,2.8,69.3,184,63,121,1.2,0.8,1.7,52.1,111,33,78,0.8,0.4,1.1,42.3,2748,1413,1335,18.6,18.3,19,105.8,9581,5226,4355,64.9,67.6,61.9,120,1126,596,530,7.6,7.7,7.5,112.5,3689,2170,1519,25,28.1,21.6,142.9,1769,1079,690,12,14,9.8,156.4,1920,1091,829,13,14.1,11.8,131.6,4766,2460,2306,32.3,31.8,32.8,106.7,2427,1304,1123,16.4,16.9,16,116.1,2339,1156,1183,15.8,15,16.8,97.7,2432,1088,1344,16.5,14.1,19.1,81,1413,691,722,9.6,8.9,10.3,95.7,724,301,423,4.9,3.9,6,71.2,295,96,199,2,1.2,2.8,48.2,12318,6468,5850,83.4,83.7,83.2,110.6,12013,6314,5699,81.4,81.7,81,110.8,11529,6075,5454,78.1,78.6,77.5,111.4,3538
0500000US12067,12067,"Lafayette County, Florida",8870,5481,3389,100,100,100,161.7,487,249,238,5.5,4.5,7,104.6,541,268,273,6.1,4.9,8.1,98.2,466,232,234,5.3,4.2,6.9,99.1,541,321,220,6.1,5.9,6.5,145.9,813,636,177,9.2,11.6,5.2,359.3,732,536,196,8.3,9.8,5.8,273.5,692,504,188,7.8,9.2,5.5,268.1,733,508,225,8.3,9.3,6.6,225.8,630,439,191,7.1,8,5.6,229.8,665,435,230,7.5,7.9,6.8,189.1,560,340,220,6.3,6.2,6.5,154.5,497,273,224,5.6,5,6.6,121.9,429,231,198,4.8,4.2,5.8,116.7,357,179,178,4,3.3,5.3,100.6,284,135,149,3.2,2.5,4.4,90.6,208,108,100,2.3,2,3,108,123,51,72,1.4,0.9,2.1,70.8,75,25,50,0.8,0.5,1.5,50,37,11,26,0.4,0.2,0.8,42.3,1785,904,881,20.1,16.5,26,102.6,6001,4068,1933,67.7,74.2,57,210.5,1063,802,261,12,14.6,7.7,307.3,2787,1987,800,31.4,36.3,23.6,248.4,1424,1040,384,16.1,19,11.3,270.8,1363,947,416,15.4,17.3,12.3,227.6,2151,1279,872,24.3,23.3,25.7,146.7,1225,775,450,13.8,14.1,13.3,172.2,926,504,422,10.4,9.2,12.5,119.4,1084,509,575,12.2,9.3,17,88.5,641,314,327,7.2,5.7,9.6,96,331,159,172,3.7,2.9,5.1,92.4,112,36,76,1.3,0.7,2.2,47.4,7273,4675,2598,82,85.3,76.7,179.9,7085,4577,2508,79.9,83.5,74,182.5,6651,4261,2390,75,77.7,70.5,178.3,1513
0500000US12069,12069,"Lake County, Florida",297052(r21998),143937,153115,100,100,100,94,16233,8304,7929,5.5,5.8,5.2,104.7,17115,8701,8414,5.8,6,5.5,103.4,17575,9077,8498,5.9,6.3,5.6,106.8,17224,8832,8392,5.8,6.1,5.5,105.2,13499,6850,6649,4.5,4.8,4.3,103,14268,6937,7331,4.8,4.8,4.8,94.6,14644,7140,7504,4.9,5,4.9,95.1,16841,8114,8727,5.7,5.6,5.7,93,18465,9172,9293,6.2,6.4,6.1,98.7,20321,10126,10195,6.8,7,6.7,99.3,19430,9359,10071,6.5,6.5,6.6,92.9,18640,8658,9982,6.3,6,6.5,86.7,20972,9472,11500,7.1,6.6,7.5,82.4,21120,9813,11307,7.1,6.8,7.4,86.8,17992,8684,9308,6.1,6,6.1,93.3,14102,6879,7223,4.7,4.8,4.7,95.2,10228,4613,5615,3.4,3.2,3.7,82.2,5714,2341,3373,1.9,1.6,2.2,69.4,2669,865,1804,0.9,0.6,1.2,47.9,61741,31619,30122,20.8,22,19.7,105,163486,79123,84363,55,55,55.1,93.8,19905,10145,9760,6.7,7,6.4,103.9,64218,31363,32855,21.6,21.8,21.5,95.5,28912,14077,14835,9.7,9.8,9.7,94.9,35306,17286,18020,11.9,12,11.8,95.9,79363,37615,41748,26.7,26.1,27.3,90.1,39751,19485,20266,13.4,13.5,13.2,96.1,39612,18130,21482,13.3,12.6,14,84.4,71825,33195,38630,24.2,23.1,25.2,85.9,39112,18497,20615,13.2,12.9,13.5,89.7,24330,11492,12838,8.2,8,8.4,89.5,8383,3206,5177,2.8,2.2,3.4,61.9,242552,116049,126503,81.7,80.6,82.6,91.7,235311,112318,122993,79.2,78,80.3,91.3,226015,107504,118511,76.1,74.7,77.4,90.7,92797
0500000US12071,12071,"Lee County, Florida",618754,303600,315154,100,100,100,96.3,32866,16790,16076,5.3,5.5,5.1,104.4,33330,17156,16174,5.4,5.7,5.1,106.1,33995,17256,16739,5.5,5.7,5.3,103.1,35161,17987,17174,5.7,5.9,5.4,104.7,32993,16707,16286,5.3,5.5,5.2,102.6,33570,17116,16454,5.4,5.6,5.2,104,32308,16412,15896,5.2,5.4,5,103.2,34235,17179,17056,5.5,5.7,5.4,100.7,36241,18198,18043,5.9,6,5.7,100.9,40732,20010,20722,6.6,6.6,6.6,96.6,41025,19593,21432,6.6,6.5,6.8,91.4,40665,18788,21877,6.6,6.2,6.9,85.9,46527,21540,24987,7.5,7.1,7.9,86.2,45024,21778,23246,7.3,7.2,7.4,93.7,35886,17737,18149,5.8,5.8,5.8,97.7,27131,13234,13897,4.4,4.4,4.4,95.2,20464,9470,10994,3.3,3.1,3.5,86.1,11560,4953,6607,1.9,1.6,2.1,75,5041,1696,3345,0.8,0.6,1.1,50.7,120869,61867,59002,19.5,20.4,18.7,104.9,352779,172865,179914,57,56.9,57.1,96.1,47476,24029,23447,7.7,7.9,7.4,102.5,136354,68905,67449,22,22.7,21.4,102.2,65878,33528,32350,10.6,11,10.3,103.6,70476,35377,35099,11.4,11.7,11.1,100.8,168949,79931,89018,27.3,26.3,28.2,89.8,81757,39603,42154,13.2,13,13.4,93.9,87192,40328,46864,14.1,13.3,14.9,86.1,145106,68868,76238,23.5,22.7,24.2,90.3,80910,39515,41395,13.1,13,13.1,95.5,47595,22704,24891,7.7,7.5,7.9,91.2,16601,6649,9952,2.7,2.2,3.2,66.8,511795,248873,262922,82.7,82,83.4,94.7,497885,241733,256152,80.5,79.6,81.3,94.4,476500,230880,245620,77,76,77.9,94,191633
0500000US12073,12073,"Leon County, Florida",275487,131134,144353,100,100,100,90.8,15350,7849,7501,5.6,6,5.2,104.6,14877,7496,7381,5.4,5.7,5.1,101.6,14690,7558,7132,5.3,5.8,4.9,106,27231,12509,14722,9.9,9.5,10.2,85,43722,21010,22712,15.9,16,15.7,92.5,23281,11587,11694,8.5,8.8,8.1,99.1,16673,8008,8665,6.1,6.1,6,92.4,15350,7314,8036,5.6,5.6,5.6,91,15010,7244,7766,5.4,5.5,5.4,93.3,16437,7650,8787,6,5.8,6.1,87.1,17156,7945,9211,6.2,6.1,6.4,86.3,16092,7475,8617,5.8,5.7,6,86.7,13638,6548,7090,5,5,4.9,92.4,8787,4132,4655,3.2,3.2,3.2,88.8,5846,2583,3263,2.1,2,2.3,79.2,4329,1823,2506,1.6,1.4,1.7,72.7,3601,1381,2220,1.3,1.1,1.5,62.2,2212,705,1507,0.8,0.5,1,46.8,1205,317,888,0.4,0.2,0.6,35.7,53973,27516,26457,19.6,21,18.3,104,195534,92677,102857,71,70.7,71.3,90.1,61897,28906,32991,22.5,22,22.9,87.6,70314,34153,36161,25.5,26,25.1,94.4,39954,19595,20359,14.5,14.9,14.1,96.2,30360,14558,15802,11,11.1,10.9,92.1,63323,29618,33705,23,22.6,23.3,87.9,33593,15595,17998,12.2,11.9,12.5,86.6,29730,14023,15707,10.8,10.7,10.9,89.3,25980,10941,15039,9.4,8.3,10.4,72.8,14633,6715,7918,5.3,5.1,5.5,84.8,7930,3204,4726,2.9,2.4,3.3,67.8,3417,1022,2395,1.2,0.8,1.7,42.7,227640,106788,120852,82.6,81.4,83.7,88.4,221514,103618,117896,80.4,79,81.7,87.9,192617,90834,101783,69.9,69.3,70.5,89.2,39618
0500000US12075,12075,"Levy County, Florida",40801,20078,20723,100,100,100,96.9,2299,1201,1098,5.6,6,5.3,109.4,2300,1196,1104,5.6,6,5.3,108.3,2426,1273,1153,5.9,6.3,5.6,110.4,2591,1335,1256,6.4,6.6,6.1,106.3,2086,1044,1042,5.1,5.2,5,100.2,2066,985,1081,5.1,4.9,5.2,91.1,2031,987,1044,5,4.9,5,94.5,2223,1072,1151,5.4,5.3,5.6,93.1,2371,1112,1259,5.8,5.5,6.1,88.3,3055,1449,1606,7.5,7.2,7.7,90.2,3135,1487,1648,7.7,7.4,8,90.2,3151,1496,1655,7.7,7.5,8,90.4,3153,1499,1654,7.7,7.5,8,90.6,2717,1383,1334,6.7,6.9,6.4,103.7,2093,1092,1001,5.1,5.4,4.8,109.1,1413,734,679,3.5,3.7,3.3,108.1,1018,467,551,2.5,2.3,2.7,84.8,468,187,281,1.1,0.9,1.4,66.5,205,79,126,0.5,0.4,0.6,62.7,8629,4489,4140,21.1,22.4,20,108.4,24258,11647,12611,59.5,58,60.9,92.4,3073,1560,1513,7.5,7.8,7.3,103.1,8691,4156,4535,21.3,20.7,21.9,91.6,4097,1972,2125,10,9.8,10.3,92.8,4594,2184,2410,11.3,10.9,11.6,90.6,12494,5931,6563,30.6,29.5,31.7,90.4,6190,2936,3254,15.2,14.6,15.7,90.2,6304,2995,3309,15.5,14.9,16,90.5,7914,3942,3972,19.4,19.6,19.2,99.2,4810,2475,2335,11.8,12.3,11.3,106,2431,1201,1230,6,6,5.9,97.6,673,266,407,1.6,1.3,2,65.4,33253,16132,17121,81.5,80.3,82.6,94.2,32172,15589,16583,78.9,77.6,80,94,30744,14836,15908,75.4,73.9,76.8,93.3,11067
0500000US12077,12077,"Liberty County, Florida",8365,5092,3273,100,100,100,155.6,462,240,222,5.5,4.7,6.8,108.1,493,259,234,5.9,5.1,7.1,110.7,517,296,221,6.2,5.8,6.8,133.9,493,290,203,5.9,5.7,6.2,142.9,548,355,193,6.6,7,5.9,183.9,715,510,205,8.5,10,6.3,248.8,672,464,208,8,9.1,6.4,223.1,676,454,222,8.1,8.9,6.8,204.5,635,427,208,7.6,8.4,6.4,205.3,721,461,260,8.6,9.1,7.9,177.3,647,398,249,7.7,7.8,7.6,159.8,503,290,213,6,5.7,6.5,136.2,395,224,171,4.7,4.4,5.2,131,303,151,152,3.6,3,4.6,99.3,236,129,107,2.8,2.5,3.3,120.6,175,81,94,2.1,1.6,2.9,86.2,109,40,69,1.3,0.8,2.1,58,45,20,25,0.5,0.4,0.8,80,20,3,17,0.2,0.1,0.5,17.6,1777,975,802,21.2,19.1,24.5,121.6,5700,3693,2007,68.1,72.5,61.3,184,736,465,271,8.8,9.1,8.3,171.6,2698,1855,843,32.3,36.4,25.8,220,1387,974,413,16.6,19.1,12.6,235.8,1311,881,430,15.7,17.3,13.1,204.9,2266,1373,893,27.1,27,27.3,153.8,1368,859,509,16.4,16.9,15.6,168.8,898,514,384,10.7,10.1,11.7,133.9,888,424,464,10.6,8.3,14.2,91.4,539,280,259,6.4,5.5,7.9,108.1,284,121,163,3.4,2.4,5,74.2,65,23,42,0.8,0.5,1.3,54.8,6796,4236,2560,81.2,83.2,78.2,165.5,6588,4117,2471,78.8,80.9,75.5,166.6,6305,3944,2361,75.4,77.5,72.1,167,1283
0500000US12079,12079,"Madison County, Florida",19224,10035,9189,100,100,100,109.2,1215,608,607,6.3,6.1,6.6,100.2,1075,544,531,5.6,5.4,5.8,102.4,1100,562,538,5.7,5.6,5.9,104.5,1346,737,609,7,7.3,6.6,121,1279,693,586,6.7,6.9,6.4,118.3,1285,768,517,6.7,7.7,5.6,148.5,1108,632,476,5.8,6.3,5.2,132.8,1145,652,493,6,6.5,5.4,132.3,1209,656,553,6.3,6.5,6,118.6,1429,793,636,7.4,7.9,6.9,124.7,1358,711,647,7.1,7.1,7,109.9,1354,660,694,7,6.6,7.6,95.1,1276,683,593,6.6,6.8,6.5,115.2,976,470,506,5.1,4.7,5.5,92.9,760,362,398,4,3.6,4.3,91,524,232,292,2.7,2.3,3.2,79.5,397,172,225,2.1,1.7,2.4,76.4,248,63,185,1.3,0.6,2,34.1,140,37,103,0.7,0.4,1.1,35.9,4187,2156,2031,21.8,21.5,22.1,106.2,11992,6543,5449,62.4,65.2,59.3,120.1,1828,988,840,9.5,9.8,9.1,117.6,4747,2708,2039,24.7,27,22.2,132.8,2393,1400,993,12.4,14,10.8,141,2354,1308,1046,12.2,13,11.4,125,5417,2847,2570,28.2,28.4,28,110.8,2787,1504,1283,14.5,15,14,117.2,2630,1343,1287,13.7,13.4,14,104.4,3045,1336,1709,15.8,13.3,18.6,78.2,1736,832,904,9,8.3,9.8,92,921,404,517,4.8,4,5.6,78.1,388,100,288,2,1,3.1,34.7,15613,8205,7408,81.2,81.8,80.6,110.8,15037,7879,7158,78.2,78.5,77.9,110.1,14229,7460,6769,74,74.3,73.7,110.2,4321
0500000US12081,12081,"Manatee County, Florida",322833,156115,166718,100,100,100,93.6,18322,9223,9099,5.7,5.9,5.5,101.4,18136,9281,8855,5.6,5.9,5.3,104.8,18527,9414,9113,5.7,6,5.5,103.3,18100,9239,8861,5.6,5.9,5.3,104.3,16031,8160,7871,5,5.2,4.7,103.7,16627,8250,8377,5.2,5.3,5,98.5,16126,8143,7983,5,5.2,4.8,102,17484,8568,8916,5.4,5.5,5.3,96.1,19243,9362,9881,6,6,5.9,94.7,21723,10562,11161,6.7,6.8,6.7,94.6,22325,10713,11612,6.9,6.9,7,92.3,21713,9979,11734,6.7,6.4,7,85,23367,10811,12556,7.2,6.9,7.5,86.1,21602,10176,11426,6.7,6.5,6.9,89.1,17383,8277,9106,5.4,5.3,5.5,90.9,14633,6953,7680,4.5,4.5,4.6,90.5,11563,5171,6392,3.6,3.3,3.8,80.9,6778,2788,3990,2.1,1.8,2.4,69.9,3150,1045,2105,1,0.7,1.3,49.6,66283,33654,32629,20.5,21.6,19.6,103.1,181441,88051,93390,56.2,56.4,56,94.3,22833,11663,11170,7.1,7.5,6.7,104.4,69480,34323,35157,21.5,22,21.1,97.6,32753,16393,16360,10.1,10.5,9.8,100.2,36727,17930,18797,11.4,11.5,11.3,95.4,89128,42065,47063,27.6,26.9,28.2,89.4,44048,21275,22773,13.6,13.6,13.7,93.4,45080,20790,24290,14,13.3,14.6,85.6,75109,34410,40699,23.3,22,24.4,84.5,38985,18453,20532,12.1,11.8,12.3,89.9,26196,12124,14072,8.1,7.8,8.4,86.2,9928,3833,6095,3.1,2.5,3.7,62.9,264124,126337,137787,81.8,80.9,82.6,91.7,256550,122461,134089,79.5,78.4,80.4,91.3,246469,117206,129263,76.3,75.1,77.5,90.7,98476
0500000US12083,12083,"Marion County, Florida",331298(r21529),158993,172305,100,100,100,92.3,17112,8752,8360,5.2,5.5,4.9,104.7,17413,8942,8471,5.3,5.6,4.9,105.6,18029,9260,8769,5.4,5.8,5.1,105.6,19033,9819,9214,5.7,6.2,5.3,106.6,16336,8164,8172,4.9,5.1,4.7,99.9,16473,7965,8508,5,5,4.9,93.6,15337,7444,7893,4.6,4.7,4.6,94.3,16921,8083,8838,5.1,5.1,5.1,91.5,18934,9095,9839,5.7,5.7,5.7,92.4,21877,10509,11368,6.6,6.6,6.6,92.4,22514,10402,12112,6.8,6.5,7,85.9,21283,9608,11675,6.4,6,6.8,82.3,24718,11256,13462,7.5,7.1,7.8,83.6,25466,11804,13662,7.7,7.4,7.9,86.4,21628,10345,11283,6.5,6.5,6.5,91.7,16762,8151,8611,5.1,5.1,5,94.7,12060,5679,6381,3.6,3.6,3.7,89,6565,2778,3787,2,1.7,2.2,73.4,2837,937,1900,0.9,0.6,1.1,49.3,64181,32931,31250,19.4,20.7,18.1,105.4,181799,86368,95431,54.9,54.3,55.4,90.5,23742,12006,11736,7.2,7.6,6.8,102.3,67665,32587,35078,20.4,20.5,20.4,92.9,31810,15409,16401,9.6,9.7,9.5,94,35855,17178,18677,10.8,10.8,10.8,92,90392,41775,48617,27.3,26.3,28.2,85.9,44391,20911,23480,13.4,13.2,13.6,89.1,46001,20864,25137,13.9,13.1,14.6,83,85318,39694,45624,25.8,25,26.5,87,47094,22149,24945,14.2,13.9,14.5,88.8,28822,13830,14992,8.7,8.7,8.7,92.2,9402,3715,5687,2.8,2.3,3.3,65.3,274952,130084,144868,83,81.8,84.1,89.8,267117,126062,141055,80.6,79.3,81.9,89.4,256211,120462,135749,77.3,75.8,78.8,88.7,110036
0500000US12085,12085,"Martin County, Florida",146318,72423,73895,100,100,100,98,6201,3128,3073,4.2,4.3,4.2,101.8,6896,3497,3399,4.7,4.8,4.6,102.9,7751,3976,3775,5.3,5.5,5.1,105.3,7805,4096,3709,5.3,5.7,5,110.4,6422,3529,2893,4.4,4.9,3.9,122,6394,3629,2765,4.4,5,3.7,131.2,6042,3280,2762,4.1,4.5,3.7,118.8,6755,3490,3265,4.6,4.8,4.4,106.9,8674,4388,4286,5.9,6.1,5.8,102.4,10775,5360,5415,7.4,7.4,7.3,99,11406,5647,5759,7.8,7.8,7.8,98.1,10444,4951,5493,7.1,6.8,7.4,90.1,10781,5106,5675,7.4,7.1,7.7,90,10517,4892,5625,7.2,6.8,7.6,87,8958,4302,4656,6.1,5.9,6.3,92.4,7950,3734,4216,5.4,5.2,5.7,88.6,6538,2978,3560,4.5,4.1,4.8,83.7,4151,1758,2393,2.8,2.4,3.2,73.5,1858,682,1176,1.3,0.9,1.6,58,25746,13132,12614,17.6,18.1,17.1,104.1,80600,40945,39655,55.1,56.5,53.7,103.3,9329,5094,4235,6.4,7,5.7,120.3,27865,14787,13078,19,20.4,17.7,113.1,12436,6909,5527,8.5,9.5,7.5,125,15429,7878,7551,10.5,10.9,10.2,104.3,43406,21064,22342,29.7,29.1,30.2,94.3,22181,11007,11174,15.2,15.2,15.1,98.5,21225,10057,11168,14.5,13.9,15.1,90.1,39972,18346,21626,27.3,25.3,29.3,84.8,19475,9194,10281,13.3,12.7,13.9,89.4,14488,6712,7776,9.9,9.3,10.5,86.3,6009,2440,3569,4.1,3.4,4.8,68.4,123889,61012,62877,84.7,84.2,85.1,97,120572,59291,61281,82.4,81.9,82.9,96.8,116373,57019,59354,79.5,78.7,80.3,96.1,50753
0500000US12086,12086,"Miami-Dade County, Florida",2496435(r21535),1208364,1288071,100,100,100,93.8,149937,76444,73493,6,6.3,5.7,104,145253,74318,70935,5.8,6.2,5.5,104.8,152541,77881,74660,6.1,6.4,5.8,104.3,168514,86094,82420,6.8,7.1,6.4,104.5,176823,89112,87711,7.1,7.4,6.8,101.6,172129,85029,87100,6.9,7,6.8,97.6,168338,82917,85421,6.7,6.9,6.6,97.1,184733,91993,92740,7.4,7.6,7.2,99.2,187664,94001,93663,7.5,7.8,7.3,100.4,198253,97586,100667,7.9,8.1,7.8,96.9,168364,80358,88006,6.7,6.7,6.8,91.3,147653,68881,78772,5.9,5.7,6.1,87.4,124220,57326,66894,5,4.7,5.2,85.7,100980,45532,55448,4,3.8,4.3,82.1,85996,37255,48741,3.4,3.1,3.8,76.4,67140,28169,38971,2.7,2.3,3,72.3,52031,20462,31569,2.1,1.7,2.5,64.8,29746,10457,19289,1.2,0.9,1.5,54.2,16120,4549,11571,0.6,0.4,0.9,39.3,545728,278927,266801,21.9,23.1,20.7,104.5,1598694,783013,815681,64,64.8,63.3,96,247340,124922,122418,9.9,10.3,9.5,102,712864,353940,358924,28.6,29.3,27.9,98.6,340467,167946,172521,13.6,13.9,13.4,97.3,372397,185994,186403,14.9,15.4,14.5,99.8,638490,304151,334339,25.6,25.2,26,91,366617,177944,188673,14.7,14.7,14.6,94.3,271873,126207,145666,10.9,10.4,11.3,86.6,352013,146424,205589,14.1,12.1,16,71.2,186976,82787,104189,7.5,6.9,8.1,79.5,119171,48631,70540,4.8,4,5.5,68.9,45866,15006,30860,1.8,1.2,2.4,48.6,2017224,963624,1053600,80.8,79.7,81.8,91.5,1950707,929437,1021270,78.1,76.9,79.3,91,1843916,875243,968673,73.9,72.4,75.2,90.4,476233
0500000US12087,12087,"Monroe County, Florida",73090,38962,34128,100,100,100,114.2,3189,1639,1550,4.4,4.2,4.5,105.7,2858,1409,1449,3.9,3.6,4.2,97.2,2937,1539,1398,4,4,4.1,110.1,3260,1763,1497,4.5,4.5,4.4,117.8,3758,2043,1715,5.1,5.2,5,119.1,4687,2539,2148,6.4,6.5,6.3,118.2,4198,2262,1936,5.7,5.8,5.7,116.8,4578,2466,2112,6.3,6.3,6.2,116.8,5309,2861,2448,7.3,7.3,7.2,116.9,6211,3296,2915,8.5,8.5,8.5,113.1,6665,3471,3194,9.1,8.9,9.4,108.7,6744,3557,3187,9.2,9.1,9.3,111.6,6227,3463,2764,8.5,8.9,8.1,125.3,4617,2537,2080,6.3,6.5,6.1,122,3079,1737,1342,4.2,4.5,3.9,129.4,2024,1086,938,2.8,2.8,2.7,115.8,1585,790,795,2.2,2,2.3,99.4,817,373,444,1.1,1,1.3,84,347,131,216,0.5,0.3,0.6,60.6,11001,5637,5364,15.1,14.5,15.7,105.1,49620,26671,22949,67.9,68.5,67.2,116.2,5001,2756,2245,6.8,7.1,6.6,122.8,18772,10128,8644,25.7,26,25.3,117.2,8885,4801,4084,12.2,12.3,12,117.6,9887,5327,4560,13.5,13.7,13.4,116.8,25847,13787,12060,35.4,35.4,35.3,114.3,12876,6767,6109,17.6,17.4,17.9,110.8,12971,7020,5951,17.7,18,17.4,118,12469,6654,5815,17.1,17.1,17,114.4,7696,4274,3422,10.5,11,10,124.9,3609,1876,1733,4.9,4.8,5.1,108.3,1164,504,660,1.6,1.3,1.9,76.4,63429,34010,29419,86.8,87.3,86.2,115.6,62089,33325,28764,84.9,85.5,84.3,115.9,60193,32249,27944,82.4,82.8,81.9,115.4,18696
0500000US12089,12089,"Nassau County, Florida",73314,36146,37168,100,100,100,97.3,3983,2099,1884,5.4,5.8,5.1,111.4,4325,2201,2124,5.9,6.1,5.7,103.6,4816,2429,2387,6.6,6.7,6.4,101.8,4628,2360,2268,6.3,6.5,6.1,104.1,3895,2034,1861,5.3,5.6,5,109.3,3803,1907,1896,5.2,5.3,5.1,100.6,3810,1837,1973,5.2,5.1,5.3,93.1,4580,2253,2327,6.2,6.2,6.3,96.8,4910,2385,2525,6.7,6.6,6.8,94.5,5710,2771,2939,7.8,7.7,7.9,94.3,5853,2900,2953,8,8,7.9,98.2,5614,2690,2924,7.7,7.4,7.9,92,5479,2619,2860,7.5,7.2,7.7,91.6,4355,2156,2199,5.9,6,5.9,98,3041,1535,1506,4.1,4.2,4.1,101.9,2117,989,1128,2.9,2.7,3,87.7,1362,610,752,1.9,1.7,2,81.1,702,283,419,1,0.8,1.1,67.5,331,88,243,0.5,0.2,0.7,36.2,15919,8173,7746,21.7,22.6,20.8,105.5,45487,22312,23175,62,61.7,62.4,96.3,5728,2950,2778,7.8,8.2,7.5,106.2,17103,8382,8721,23.3,23.2,23.5,96.1,7613,3744,3869,10.4,10.4,10.4,96.8,9490,4638,4852,12.9,12.8,13.1,95.6,22656,10980,11676,30.9,30.4,31.4,94,11563,5671,5892,15.8,15.7,15.9,96.2,11093,5309,5784,15.1,14.7,15.6,91.8,11908,5661,6247,16.2,15.7,16.8,90.6,7396,3691,3705,10.1,10.2,10,99.6,3479,1599,1880,4.7,4.4,5.1,85.1,1033,371,662,1.4,1,1.8,56,59241,28927,30314,80.8,80,81.6,95.4,57395,27973,29422,78.3,77.4,79.2,95.1,54739,26640,28099,74.7,73.7,75.6,94.8,17387
0500000US12091,12091,"Okaloosa County, Florida",180822,90843,89979,100,100,100,101,11608,5894,5714,6.4,6.5,6.4,103.2,10881,5488,5393,6,6,6,101.8,10674,5523,5151,5.9,6.1,5.7,107.2,11942,6402,5540,6.6,7,6.2,115.6,13678,7549,6129,7.6,8.3,6.8,123.2,13772,7331,6441,7.6,8.1,7.2,113.8,11223,5875,5348,6.2,6.5,5.9,109.9,10384,5240,5144,5.7,5.8,5.7,101.9,11291,5544,5747,6.2,6.1,6.4,96.5,14781,7544,7237,8.2,8.3,8,104.2,13967,6899,7068,7.7,7.6,7.9,97.6,11345,5428,5917,6.3,6,6.6,91.7,10058,4913,5145,5.6,5.4,5.7,95.5,7684,3662,4022,4.2,4,4.5,91,6410,2838,3572,3.5,3.1,4,79.5,5304,2467,2837,2.9,2.7,3.2,87,3273,1342,1931,1.8,1.5,2.1,69.5,1812,651,1161,1,0.7,1.3,56.1,735,253,482,0.4,0.3,0.5,52.5,40388,20710,19678,22.3,22.8,21.9,105.2,115216,58920,56296,63.7,64.9,62.6,104.7,18395,10146,8249,10.2,11.2,9.2,123,46670,23990,22680,25.8,26.4,25.2,105.8,24995,13206,11789,13.8,14.5,13.1,112,21675,10784,10891,12,11.9,12.1,99,50151,24784,25367,27.7,27.3,28.2,97.7,28748,14443,14305,15.9,15.9,15.9,101,21403,10341,11062,11.8,11.4,12.3,93.5,25218,11213,14005,13.9,12.3,15.6,80.1,14094,6500,7594,7.8,7.2,8.4,85.6,8577,3809,4768,4.7,4.2,5.3,79.9,2547,904,1643,1.4,1,1.8,55,145262,72699,72563,80.3,80,80.6,100.2,140434,70133,70301,77.7,77.2,78.1,99.8,133170,66088,67082,73.6,72.7,74.6,98.5,35276
0500000US12093,12093,"Okeechobee County, Florida",39996,21430,18566,100,100,100,115.4,2659,1411,1248,6.6,6.6,6.7,113.1,2543,1271,1272,6.4,5.9,6.9,99.9,2591,1354,1237,6.5,6.3,6.7,109.5,2899,1596,1303,7.2,7.4,7,122.5,2537,1461,1076,6.3,6.8,5.8,135.8,2568,1512,1056,6.4,7.1,5.7,143.2,2490,1429,1061,6.2,6.7,5.7,134.7,2438,1367,1071,6.1,6.4,5.8,127.6,2530,1456,1074,6.3,6.8,5.8,135.6,2710,1473,1237,6.8,6.9,6.7,119.1,2691,1432,1259,6.7,6.7,6.8,113.7,2332,1216,1116,5.8,5.7,6,109,2217,1094,1123,5.5,5.1,6,97.4,2102,1037,1065,5.3,4.8,5.7,97.4,1800,895,905,4.5,4.2,4.9,98.9,1277,695,582,3.2,3.2,3.1,119.4,950,467,483,2.4,2.2,2.6,96.7,447,203,244,1.1,0.9,1.3,83.2,215,61,154,0.5,0.3,0.8,39.6,9584,5020,4564,24,23.4,24.6,110,23621,13052,10569,59.1,60.9,56.9,123.5,3645,2073,1572,9.1,9.7,8.5,131.9,10026,5764,4262,25.1,26.9,23,135.2,5058,2941,2117,12.6,13.7,11.4,138.9,4968,2823,2145,12.4,13.2,11.6,131.6,9950,5215,4735,24.9,24.3,25.5,110.1,5401,2905,2496,13.5,13.6,13.4,116.4,4549,2310,2239,11.4,10.8,12.1,103.2,6791,3358,3433,17,15.7,18.5,97.8,3902,1932,1970,9.8,9,10.6,98.1,2227,1162,1065,5.6,5.4,5.7,109.1,662,264,398,1.7,1.2,2.1,66.3,31663,17122,14541,79.2,79.9,78.3,117.7,30412,16410,14002,76,76.6,75.4,117.2,28798,15527,13271,72,72.5,71.5,117,9008
0500000US12095,12095,"Orange County, Florida",1145956,564326,581630,100,100,100,97,74185,38130,36055,6.5,6.8,6.2,105.8,73754,37440,36314,6.4,6.6,6.2,103.1,74975,38221,36754,6.5,6.8,6.3,104,88367,44855,43512,7.7,7.9,7.5,103.1,105821,53541,52280,9.2,9.5,9,102.4,93559,47142,46417,8.2,8.4,8,101.6,83558,41733,41825,7.3,7.4,7.2,99.8,82569,40853,41716,7.2,7.2,7.2,97.9,81899,40995,40904,7.1,7.3,7,100.2,85292,42407,42885,7.4,7.5,7.4,98.9,76767,37430,39337,6.7,6.6,6.8,95.2,63029,29938,33091,5.5,5.3,5.7,90.5,51262,24203,27059,4.5,4.3,4.7,89.4,35805,16561,19244,3.1,2.9,3.3,86.1,26206,11777,14429,2.3,2.1,2.5,81.6,20415,8798,11617,1.8,1.6,2,75.7,14977,5834,9143,1.3,1,1.6,63.8,9063,3175,5888,0.8,0.6,1,53.9,4453,1293,3160,0.4,0.2,0.5,40.9,270147,137951,132196,23.6,24.4,22.7,104.4,764890,378937,385953,66.7,67.1,66.4,98.2,146955,74236,72719,12.8,13.2,12.5,102.1,341585,170723,170862,29.8,30.3,29.4,99.9,177117,88875,88242,15.5,15.7,15.2,100.7,164468,81848,82620,14.4,14.5,14.2,99.1,276350,133978,142372,24.1,23.7,24.5,94.1,162059,79837,82222,14.1,14.1,14.1,97.1,114291,54141,60150,10,9.6,10.3,90,110919,47438,63481,9.7,8.4,10.9,74.7,62011,28338,33673,5.4,5,5.8,84.2,35392,14632,20760,3.1,2.6,3.6,70.5,13516,4468,9048,1.2,0.8,1.6,49.4,907410,442613,464797,79.2,78.4,79.9,95.2,875809,426375,449434,76.4,75.6,77.3,94.9,811735,394144,417591,70.8,69.8,71.8,94.4,162181
0500000US12097,12097,"Osceola County, Florida",268685,131634,137051,100,100,100,96,17796,9016,8780,6.6,6.8,6.4,102.7,18815,9658,9157,7,7.3,6.7,105.5,20572,10459,10113,7.7,7.9,7.4,103.4,21442,11142,10300,8,8.5,7.5,108.2,18007,9153,8854,6.7,7,6.5,103.4,17469,8845,8624,6.5,6.7,6.3,102.6,17832,8669,9163,6.6,6.6,6.7,94.6,19383,9319,10064,7.2,7.1,7.3,92.6,20101,9707,10394,7.5,7.4,7.6,93.4,20586,10082,10504,7.7,7.7,7.7,96,18290,8803,9487,6.8,6.7,6.9,92.8,15390,7294,8096,5.7,5.5,5.9,90.1,13346,6243,7103,5,4.7,5.2,87.9,10217,4785,5432,3.8,3.6,4,88.1,7396,3495,3901,2.8,2.7,2.8,89.6,5295,2387,2908,2,1.8,2.1,82.1,3695,1588,2107,1.4,1.2,1.5,75.4,2102,728,1374,0.8,0.6,1,53,951,261,690,0.4,0.2,0.5,37.8,70416,35977,34439,26.2,27.3,25.1,104.5,168613,82413,86200,62.8,62.6,62.9,95.6,26216,13451,12765,9.8,10.2,9.3,105.4,74785,36540,38245,27.8,27.8,27.9,95.5,35301,17514,17787,13.1,13.3,13,98.5,39484,19026,20458,14.7,14.5,14.9,93,67612,32422,35190,25.2,24.6,25.7,92.1,38876,18885,19991,14.5,14.3,14.6,94.5,28736,13537,15199,10.7,10.3,11.1,89.1,29656,13244,16412,11,10.1,12,80.7,17613,8280,9333,6.6,6.3,6.8,88.7,8990,3975,5015,3.3,3,3.7,79.3,3053,989,2064,1.1,0.8,1.5,47.9,207172,100262,106910,77.1,76.2,78,93.8,198269,95657,102612,73.8,72.7,74.9,93.2,186118,89358,96760,69.3,67.9,70.6,92.4,43002
0500000US12099,12099,"Palm Beach County, Florida",1320134,638888,681246,100,100,100,93.8,70852,36025,34827,5.4,5.6,5.1,103.4,72847,37131,35716,5.5,5.8,5.2,104,76917,39321,37596,5.8,6.2,5.5,104.6,79570,40975,38595,6,6.4,5.7,106.2,74105,38722,35383,5.6,6.1,5.2,109.4,74695,38232,36463,5.7,6,5.4,104.9,71999,35868,36131,5.5,5.6,5.3,99.3,78802,38852,39950,6,6.1,5.9,97.3,86774,42587,44187,6.6,6.7,6.5,96.4,95732,46791,48941,7.3,7.3,7.2,95.6,92394,45090,47304,7,7.1,6.9,95.3,81829,38714,43115,6.2,6.1,6.3,89.8,78463,35986,42477,5.9,5.6,6.2,84.7,70465,31626,38839,5.3,5,5.7,81.4,59962,26773,33189,4.5,4.2,4.9,80.7,54879,24318,30561,4.2,3.8,4.5,79.6,50644,22054,28590,3.8,3.5,4.2,77.1,32747,13768,18979,2.5,2.2,2.8,72.5,16458,6055,10403,1.2,0.9,1.5,58.2,268884,137238,131646,20.4,21.5,19.3,104.2,766095,377056,389039,58,59,57.1,96.9,105407,54936,50471,8,8.6,7.4,108.8,312270,155539,156731,23.7,24.3,23,99.2,146694,74100,72594,11.1,11.6,10.7,102.1,165576,81439,84137,12.5,12.7,12.4,96.8,348418,166581,181837,26.4,26.1,26.7,91.6,188126,91881,96245,14.3,14.4,14.1,95.5,160292,74700,85592,12.1,11.7,12.6,87.3,285155,124594,160561,21.6,19.5,23.6,77.6,130427,58399,72028,9.9,9.1,10.6,81.1,105523,46372,59151,8,7.3,8.7,78.4,49205,19823,29382,3.7,3.1,4.3,67.5,1083572,518323,565249,82.1,81.1,83,91.7,1051250,501650,549600,79.6,78.5,80.7,91.3,1004920,477551,527369,76.1,74.7,77.4,90.6,363618
0500000US12101,12101,"Pasco County, Florida",464697,225886,238811,100,100,100,94.6,25664,13228,12436,5.5,5.9,5.2,106.4,27278,13942,13336,5.9,6.2,5.6,104.5,28407,14579,13828,6.1,6.5,5.8,105.4,27637,14236,13401,5.9,6.3,5.6,106.2,22191,11132,11059,4.8,4.9,4.6,100.7,23419,11393,12026,5,5,5,94.7,25788,12554,13234,5.5,5.6,5.5,94.9,29570,14545,15025,6.4,6.4,6.3,96.8,31141,15495,15646,6.7,6.9,6.6,99,34321,17082,17239,7.4,7.6,7.2,99.1,32273,15607,16666,6.9,6.9,7,93.6,29605,13847,15758,6.4,6.1,6.6,87.9,31158,14450,16708,6.7,6.4,7,86.5,27934,13124,14810,6,5.8,6.2,88.6,22936,10890,12046,4.9,4.8,5,90.4,18525,8622,9903,4,3.8,4.1,87.1,14297,6405,7892,3.1,2.8,3.3,81.2,8611,3426,5185,1.9,1.5,2.2,66.1,3942,1329,2613,0.8,0.6,1.1,50.9,98573,50622,47951,21.2,22.4,20.1,105.6,269879,131468,138411,58.1,58.2,58,95,32604,16495,16109,7,7.3,6.7,102.4,109918,53987,55931,23.7,23.9,23.4,96.5,49207,23947,25260,10.6,10.6,10.6,94.8,60711,30040,30671,13.1,13.3,12.8,97.9,127357,60986,66371,27.4,27,27.8,91.9,66594,32689,33905,14.3,14.5,14.2,96.4,60763,28297,32466,13.1,12.5,13.6,87.2,96245,43796,52449,20.7,19.4,22,83.5,50870,24014,26856,10.9,10.6,11.2,89.4,32822,15027,17795,7.1,6.7,7.5,84.4,12553,4755,7798,2.7,2.1,3.3,61,377673,181195,196478,81.3,80.2,82.3,92.2,366124,175264,190860,78.8,77.6,79.9,91.8,350887,167489,183398,75.5,74.1,76.8,91.3,127403
0500000US12103,12103,"Pinellas County, Florida",916542,440009,476533,100,100,100,92.3,42349,21575,20774,4.6,4.9,4.4,103.9,43079,22007,21072,4.7,5,4.4,104.4,46769,24013,22756,5.1,5.5,4.8,105.5,50416,25842,24574,5.5,5.9,5.2,105.2,47098,23267,23831,5.1,5.3,5,97.6,51142,25302,25840,5.6,5.8,5.4,97.9,48237,23813,24424,5.3,5.4,5.1,97.5,51997,25754,26243,5.7,5.9,5.5,98.1,59366,29435,29931,6.5,6.7,6.3,98.3,72618,35525,37093,7.9,8.1,7.8,95.8,74973,36138,38835,8.2,8.2,8.1,93.1,68714,32543,36171,7.5,7.4,7.6,90,65685,31478,34207,7.2,7.2,7.2,92,52994,24566,28428,5.8,5.6,6,86.4,42300,19499,22801,4.6,4.4,4.8,85.5,36090,15881,20209,3.9,3.6,4.2,78.6,30880,12571,18309,3.4,2.9,3.8,68.7,20600,7419,13181,2.2,1.7,2.8,56.3,11235,3381,7854,1.2,0.8,1.6,43,162888,83340,79548,17.8,18.9,16.7,104.8,559555,273352,286203,61.1,62.1,60.1,95.5,66823,33364,33459,7.3,7.6,7,99.7,210742,104304,106438,23,23.7,22.3,98,99379,49115,50264,10.8,11.2,10.5,97.7,111363,55189,56174,12.2,12.5,11.8,98.2,281990,135684,146306,30.8,30.8,30.7,92.7,147591,71663,75928,16.1,16.3,15.9,94.4,134399,64021,70378,14.7,14.5,14.8,91,194099,83317,110782,21.2,18.9,23.2,75.2,95294,44065,51229,10.4,10,10.8,86,66970,28452,38518,7.3,6.5,8.1,73.9,31835,10800,21035,3.5,2.5,4.4,51.3,774382,367314,407068,84.5,83.5,85.4,90.2,753654,356669,396985,82.2,81.1,83.3,89.8,724443,341844,382599,79,77.7,80.3,89.3,259784
0500000US12105,12105,"Polk County, Florida",602095,295313,306782,100,100,100,96.3,38839,19778,19061,6.5,6.7,6.2,103.8,39316,20133,19183,6.5,6.8,6.3,105,39282,20101,19181,6.5,6.8,6.3,104.8,40847,21181,19666,6.8,7.2,6.4,107.7,36499,18343,18156,6.1,6.2,5.9,101,36235,17921,18314,6,6.1,6,97.9,35013,17329,17684,5.8,5.9,5.8,98,36600,18114,18486,6.1,6.1,6,98,36847,18582,18265,6.1,6.3,6,101.7,40418,20071,20347,6.7,6.8,6.6,98.6,39659,19358,20301,6.6,6.6,6.6,95.4,36929,17432,19497,6.1,5.9,6.4,89.4,37315,17327,19988,6.2,5.9,6.5,86.7,33508,15737,17771,5.6,5.3,5.8,88.6,27250,13137,14113,4.5,4.4,4.6,93.1,20537,9572,10965,3.4,3.2,3.6,87.3,15007,6657,8350,2.5,2.3,2.7,79.7,8240,3339,4901,1.4,1.1,1.6,68.1,3754,1201,2553,0.6,0.4,0.8,47,141736,72669,69067,23.5,24.6,22.5,105.2,352063,173001,179062,58.5,58.6,58.4,96.6,53047,26867,26180,8.8,9.1,8.5,102.6,144695,71946,72749,24,24.4,23.7,98.9,71248,35250,35998,11.8,11.9,11.7,97.9,73447,36696,36751,12.2,12.4,12,99.9,154321,74188,80133,25.6,25.1,26.1,92.6,80077,39429,40648,13.3,13.4,13.2,97,74244,34759,39485,12.3,11.8,12.9,88,108296,49643,58653,18,16.8,19.1,84.6,60758,28874,31884,10.1,9.8,10.4,90.6,35544,16229,19315,5.9,5.5,6.3,84,11994,4540,7454,2,1.5,2.4,60.9,476782,231229,245553,79.2,78.3,80,94.2,460359,222644,237715,76.5,75.4,77.5,93.7,435926,210160,225766,72.4,71.2,73.6,93.1,145611
0500000US12107,12107,"Putnam County, Florida",74364,36884,37480,100,100,100,98.4,4689,2389,2300,6.3,6.5,6.1,103.9,4506,2292,2214,6.1,6.2,5.9,103.5,4675,2406,2269,6.3,6.5,6.1,106,4930,2631,2299,6.6,7.1,6.1,114.4,4046,2077,1969,5.4,5.6,5.3,105.5,3985,1981,2004,5.4,5.4,5.3,98.9,3762,1942,1820,5.1,5.3,4.9,106.7,3861,1901,1960,5.2,5.2,5.2,97,4126,2084,2042,5.5,5.7,5.4,102.1,5300,2571,2729,7.1,7,7.3,94.2,5714,2800,2914,7.7,7.6,7.8,96.1,5444,2640,2804,7.3,7.2,7.5,94.2,5256,2577,2679,7.1,7,7.1,96.2,4468,2156,2312,6,5.8,6.2,93.3,3497,1733,1764,4.7,4.7,4.7,98.2,2705,1307,1398,3.6,3.5,3.7,93.5,1932,849,1083,2.6,2.3,2.9,78.4,1025,424,601,1.4,1.1,1.6,70.5,443,124,319,0.6,0.3,0.9,38.9,16785,8625,8160,22.6,23.4,21.8,105.7,43509,21666,21843,58.5,58.7,58.3,99.2,6061,3170,2891,8.2,8.6,7.7,109.7,15734,7908,7826,21.2,21.4,20.9,101,7747,3923,3824,10.4,10.6,10.2,102.6,7987,3985,4002,10.7,10.8,10.7,99.6,21714,10588,11126,29.2,28.7,29.7,95.2,11014,5371,5643,14.8,14.6,15.1,95.2,10700,5217,5483,14.4,14.1,14.6,95.1,14070,6593,7477,18.9,17.9,19.9,88.2,7965,3889,4076,10.7,10.5,10.9,95.4,4637,2156,2481,6.2,5.8,6.6,86.9,1468,548,920,2,1.5,2.5,59.6,59567,29300,30267,80.1,79.4,80.8,96.8,57579,28259,29320,77.4,76.6,78.2,96.4,54685,26703,27982,73.5,72.4,74.7,95.4,19326
0500000US12109,12109,"St. Johns County, Florida",190039,92425,97614,100,100,100,94.7,10106,5084,5022,5.3,5.5,5.1,101.2,12371,6346,6025,6.5,6.9,6.2,105.3,13207,6724,6483,6.9,7.3,6.6,103.7,12944,6730,6214,6.8,7.3,6.4,108.3,9871,4873,4998,5.2,5.3,5.1,97.5,9187,4443,4744,4.8,4.8,4.9,93.7,9416,4524,4892,5,4.9,5,92.5,11959,5760,6199,6.3,6.2,6.4,92.9,13742,6682,7060,7.2,7.2,7.2,94.6,15707,7476,8231,8.3,8.1,8.4,90.8,15067,7275,7792,7.9,7.9,8,93.4,13601,6507,7094,7.2,7,7.3,91.7,13068,6362,6706,6.9,6.9,6.9,94.9,9876,4792,5084,5.2,5.2,5.2,94.3,6832,3246,3586,3.6,3.5,3.7,90.5,5259,2471,2788,2.8,2.7,2.9,88.6,4149,1780,2369,2.2,1.9,2.4,75.1,2537,1005,1532,1.3,1.1,1.6,65.6,1140,345,795,0.6,0.4,0.8,43.4,43851,22417,21434,23.1,24.3,22,104.6,116395,56369,60026,61.2,61,61.5,93.9,14648,7340,7308,7.7,7.9,7.5,100.4,44304,21409,22895,23.3,23.2,23.5,93.5,18603,8967,9636,9.8,9.7,9.9,93.1,25701,12442,13259,13.5,13.5,13.6,93.8,57443,27620,29823,30.2,29.9,30.6,92.6,30774,14751,16023,16.2,16,16.4,92.1,26669,12869,13800,14,13.9,14.1,93.3,29793,13639,16154,15.7,14.8,16.5,84.4,16708,8038,8670,8.8,8.7,8.9,92.7,9408,4251,5157,5,4.6,5.3,82.4,3677,1350,2327,1.9,1.5,2.4,58,151611,72837,78774,79.8,78.8,80.7,92.5,146188,70008,76180,76.9,75.7,78,91.9,139287,66492,72795,73.3,71.9,74.6,91.3,42861
0500000US12111,12111,"St. Lucie County, Florida",277789,135859,141930,100,100,100,95.7,16418,8403,8015,5.9,6.2,5.6,104.8,16964,8773,8191,6.1,6.5,5.8,107.1,17757,8998,8759,6.4,6.6,6.2,102.7,17656,9129,8527,6.4,6.7,6,107.1,14680,7437,7243,5.3,5.5,5.1,102.7,14812,7312,7500,5.3,5.4,5.3,97.5,15298,7512,7786,5.5,5.5,5.5,96.5,16749,8096,8653,6,6,6.1,93.6,17868,8894,8974,6.4,6.5,6.3,99.1,19885,9822,10063,7.2,7.2,7.1,97.6,19380,9436,9944,7,6.9,7,94.9,17371,8239,9132,6.3,6.1,6.4,90.2,17573,8308,9265,6.3,6.1,6.5,89.7,15865,7380,8485,5.7,5.4,6,87,13530,6493,7037,4.9,4.8,5,92.3,11135,5243,5892,4,3.9,4.2,89,8249,3797,4452,3,2.8,3.1,85.3,4620,1914,2706,1.7,1.4,1.9,70.7,1979,673,1306,0.7,0.5,0.9,51.5,62008,31757,30251,22.3,23.4,21.3,105,160403,78602,81801,57.7,57.9,57.6,96.1,21467,10983,10484,7.7,8.1,7.4,104.8,64727,31814,32913,23.3,23.4,23.2,96.7,30110,14824,15286,10.8,10.9,10.8,97,34617,16990,17627,12.5,12.5,12.4,96.4,74209,35805,38404,26.7,26.4,27.1,93.2,39265,19258,20007,14.1,14.2,14.1,96.3,34944,16547,18397,12.6,12.2,13,89.9,55378,25500,29878,19.9,18.8,21.1,85.3,29395,13873,15522,10.6,10.2,10.9,89.4,19384,9040,10344,7,6.7,7.3,87.4,6599,2587,4012,2.4,1.9,2.8,64.5,223112,107880,115232,80.3,79.4,81.2,93.6,215781,104102,111679,77.7,76.6,78.7,93.2,205904,99000,106904,74.1,72.9,75.3,92.6,72951
0500000US12113,12113,"Santa Rosa County, Florida",151372,76422,74950,100,100,100,102,9197,4673,4524,6.1,6.1,6,103.3,9770,4985,4785,6.5,6.5,6.4,104.2,10620,5453,5167,7,7.1,6.9,105.5,10550,5525,5025,7,7.2,6.7,110,8875,4866,4009,5.9,6.4,5.3,121.4,9507,5157,4350,6.3,6.7,5.8,118.6,9084,4696,4388,6,6.1,5.9,107,9864,4950,4914,6.5,6.5,6.6,100.7,11029,5548,5481,7.3,7.3,7.3,101.2,13025,6527,6498,8.6,8.5,8.7,100.4,11810,5905,5905,7.8,7.7,7.9,100,9872,4830,5042,6.5,6.3,6.7,95.8,8709,4312,4397,5.8,5.6,5.9,98.1,6858,3266,3592,4.5,4.3,4.8,90.9,5185,2528,2657,3.4,3.3,3.5,95.1,3523,1667,1856,2.3,2.2,2.5,89.8,2278,975,1303,1.5,1.3,1.7,74.8,1159,441,718,0.8,0.6,1,61.4,457,118,339,0.3,0.2,0.5,34.8,36209,18544,17665,23.9,24.3,23.6,105,95703,48883,46820,63.2,64,62.5,104.4,12803,6958,5845,8.5,9.1,7.8,119,39484,20351,19133,26.1,26.6,25.5,106.4,18591,9853,8738,12.3,12.9,11.7,112.8,20893,10498,10395,13.8,13.7,13.9,101,43416,21574,21842,28.7,28.2,29.1,98.8,24835,12432,12403,16.4,16.3,16.5,100.2,18581,9142,9439,12.3,12,12.6,96.9,19460,8995,10465,12.9,11.8,14,86,12043,5794,6249,8,7.6,8.3,92.7,5801,2642,3159,3.8,3.5,4.2,83.6,1616,559,1057,1.1,0.7,1.4,52.9,119621,60191,59430,79,78.8,79.3,101.3,115163,57878,57285,76.1,75.7,76.4,101,109535,54878,54657,72.4,71.8,72.9,100.4,28169
0500000US12115,12115,"Sarasota County, Florida",379448,181041,198407,100,100,100,91.2,14624,7488,7136,3.9,4.1,3.6,104.9,15902,8101,7801,4.2,4.5,3.9,103.8,17814,9093,8721,4.7,5,4.4,104.3,18363,9523,8840,4.8,5.3,4.5,107.7,15253,7758,7495,4,4.3,3.8,103.5,15816,8090,7726,4.2,4.5,3.9,104.7,15366,7788,7578,4,4.3,3.8,102.8,17649,8585,9064,4.7,4.7,4.6,94.7,20467,10003,10464,5.4,5.5,5.3,95.6,24875,11952,12923,6.6,6.6,6.5,92.5,26757,12626,14131,7.1,7,7.1,89.3,27384,12480,14904,7.2,6.9,7.5,83.7,30951,14045,16906,8.2,7.8,8.5,83.1,31362,14437,16925,8.3,8,8.5,85.3,26961,12756,14205,7.1,7,7.2,89.8,22833,10793,12040,6,6,6.1,89.6,19045,8521,10524,5,4.7,5.3,81,11914,4907,7007,3.1,2.7,3.5,70,6112,2095,4017,1.6,1.2,2,52.2,59735,30580,29155,15.7,16.9,14.7,104.9,201486,96952,104534,53.1,53.6,52.7,92.7,22221,11383,10838,5.9,6.3,5.5,105,69298,34466,34832,18.3,19,17.6,98.9,31182,15878,15304,8.2,8.8,7.7,103.8,38116,18588,19528,10,10.3,9.8,95.2,109967,51103,58864,29,28.2,29.7,86.8,51632,24578,27054,13.6,13.6,13.6,90.8,58335,26525,31810,15.4,14.7,16,83.4,118227,53509,64718,31.2,29.6,32.6,82.7,58323,27193,31130,15.4,15,15.7,87.4,41878,19314,22564,11,10.7,11.4,85.6,18026,7002,11024,4.8,3.9,5.6,63.5,327327,154407,172920,86.3,85.3,87.2,89.3,319713,150461,169252,84.3,83.1,85.3,88.9,309447,145157,164290,81.6,80.2,82.8,88.4,149178
0500000US12117,12117,"Seminole County, Florida",422718,204799,217919,100,100,100,94,23363,11840,11523,5.5,5.8,5.3,102.8,25722,12982,12740,6.1,6.3,5.8,101.9,28998,14922,14076,6.9,7.3,6.5,106,30877,15796,15081,7.3,7.7,6.9,104.7,30888,15862,15026,7.3,7.7,6.9,105.6,28331,14129,14202,6.7,6.9,6.5,99.5,26477,12997,13480,6.3,6.3,6.2,96.4,27657,13237,14420,6.5,6.5,6.6,91.8,31202,15011,16191,7.4,7.3,7.4,92.7,34747,16785,17962,8.2,8.2,8.2,93.4,32563,15527,17036,7.7,7.6,7.8,91.1,27577,12871,14706,6.5,6.3,6.7,87.5,23639,11227,12412,5.6,5.5,5.7,90.5,16390,7674,8716,3.9,3.7,4,88,11243,5028,6215,2.7,2.5,2.9,80.9,9267,3890,5377,2.2,1.9,2.5,72.3,6879,2763,4116,1.6,1.3,1.9,67.1,4575,1617,2958,1.1,0.8,1.4,54.7,2323,641,1682,0.5,0.3,0.8,38.1,97181,49467,47714,23,24.2,21.9,103.7,274860,133719,141141,65,65.3,64.8,94.7,42667,21935,20732,10.1,10.7,9.5,105.8,113667,55374,58293,26.9,27,26.7,95,54808,27126,27682,13,13.2,12.7,98,58859,28248,30611,13.9,13.8,14,92.3,118526,56410,62116,28,27.5,28.5,90.8,67310,32312,34998,15.9,15.8,16.1,92.3,51216,24098,27118,12.1,11.8,12.4,88.9,50677,21613,29064,12,10.6,13.3,74.4,27633,12702,14931,6.5,6.2,6.9,85.1,16146,6653,9493,3.8,3.2,4.4,70.1,6898,2258,4640,1.6,1.1,2.1,48.7,338318,161859,176459,80,79,81,91.7,325537,155332,170205,77,75.8,78.1,91.3,307272,145956,161316,72.7,71.3,74,90.5,74316
0500000US12119,12119,"Sumter County, Florida",93420,48611,44809,100,100,100,108.5,2243,1125,1118,2.4,2.3,2.5,100.6,2348,1193,1155,2.5,2.5,2.6,103.3,2360,1252,1108,2.5,2.6,2.5,113,2542,1323,1219,2.7,2.7,2.7,108.5,2453,1479,974,2.6,3,2.2,151.8,2932,1891,1041,3.1,3.9,2.3,181.7,3520,2443,1077,3.8,5,2.4,226.8,3824,2641,1183,4.1,5.4,2.6,223.2,3649,2334,1315,3.9,4.8,2.9,177.5,4138,2466,1672,4.4,5.1,3.7,147.5,4436,2167,2269,4.7,4.5,5.1,95.5,6481,2793,3688,6.9,5.7,8.2,75.7,11964,5271,6693,12.8,10.8,14.9,78.8,14788,7029,7759,15.8,14.5,17.3,90.6,11945,6109,5836,12.8,12.6,13,104.7,7378,3868,3510,7.9,8,7.8,110.2,3997,2117,1880,4.3,4.4,4.2,112.6,1772,863,909,1.9,1.8,2,94.9,650,247,403,0.7,0.5,0.9,61.3,8512,4353,4159,9.1,9,9.3,104.7,44378,24025,20353,47.5,49.4,45.4,118,3434,2019,1415,3.7,4.2,3.2,142.7,13925,9309,4616,14.9,19.1,10.3,201.7,6452,4334,2118,6.9,8.9,4.7,204.6,7473,4975,2498,8,10.2,5.6,199.2,27019,12697,14322,28.9,26.1,32,88.7,8574,4633,3941,9.2,9.5,8.8,117.6,18445,8064,10381,19.7,16.6,23.2,77.7,40530,20233,20297,43.4,41.6,45.3,99.7,26733,13138,13595,28.6,27,30.3,96.6,11375,5985,5390,12.2,12.3,12,111,2422,1110,1312,2.6,2.3,2.9,84.6,85944,44790,41154,92,92.1,91.8,108.8,84908,44258,40650,90.9,91,90.7,108.9,83442,43437,40005,89.3,89.4,89.3,108.6,52494
0500000US12121,12121,"Suwannee County, Florida",41551,20945,20606,100,100,100,101.6,2574,1338,1236,6.2,6.4,6,108.3,2595,1343,1252,6.2,6.4,6.1,107.3,2612,1315,1297,6.3,6.3,6.3,101.4,2654,1438,1216,6.4,6.9,5.9,118.3,2267,1283,984,5.5,6.1,4.8,130.4,2429,1301,1128,5.8,6.2,5.5,115.3,2251,1225,1026,5.4,5.8,5,119.4,2339,1251,1088,5.6,6,5.3,115,2491,1250,1241,6,6,6,100.7,2873,1467,1406,6.9,7,6.8,104.3,3002,1467,1535,7.2,7,7.4,95.6,2761,1318,1443,6.6,6.3,7,91.3,2853,1395,1458,6.9,6.7,7.1,95.7,2496,1198,1298,6,5.7,6.3,92.3,1952,948,1004,4.7,4.5,4.9,94.4,1418,665,753,3.4,3.2,3.7,88.3,1054,417,637,2.5,2,3.1,65.5,640,245,395,1.5,1.2,1.9,62,290,81,209,0.7,0.4,1,38.8,9449,4881,4568,22.7,23.3,22.2,106.9,24252,12510,11742,58.4,59.7,57,106.5,3253,1836,1417,7.8,8.8,6.9,129.6,9510,5027,4483,22.9,24,21.8,112.1,4680,2526,2154,11.3,12.1,10.5,117.3,4830,2501,2329,11.6,11.9,11.3,107.4,11489,5647,5842,27.7,27,28.4,96.7,5875,2934,2941,14.1,14,14.3,99.8,5614,2713,2901,13.5,13,14.1,93.5,7850,3554,4296,18.9,17,20.8,82.7,4448,2146,2302,10.7,10.2,11.2,93.2,2472,1082,1390,5.9,5.2,6.7,77.8,930,326,604,2.2,1.6,2.9,54,33250,16669,16581,80,79.6,80.5,100.5,32102,16064,16038,77.3,76.7,77.8,100.2,30637,15262,15375,73.7,72.9,74.6,99.3,10703
0500000US12123,12123,"Taylor County, Florida",22570,12554,10016,100,100,100,125.3,1289,652,637,5.7,5.2,6.4,102.4,1193,616,577,5.3,4.9,5.8,106.8,1198,609,589,5.3,4.9,5.9,103.4,1256,633,623,5.6,5,6.2,101.6,1458,898,560,6.5,7.2,5.6,160.4,1678,1132,546,7.4,9,5.5,207.3,1335,880,455,5.9,7,4.5,193.4,1524,936,588,6.8,7.5,5.9,159.2,1521,956,565,6.7,7.6,5.6,169.2,1756,1033,723,7.8,8.2,7.2,142.9,1716,945,771,7.6,7.5,7.7,122.6,1630,883,747,7.2,7,7.5,118.2,1488,753,735,6.6,6,7.3,102.4,1203,602,601,5.3,4.8,6,100.2,949,444,505,4.2,3.5,5,87.9,646,280,366,2.9,2.2,3.7,76.5,449,195,254,2,1.6,2.5,76.8,201,86,115,0.9,0.7,1.1,74.8,80,21,59,0.4,0.2,0.6,35.6,4445,2241,2204,19.7,17.9,22,101.7,14597,8685,5912,64.7,69.2,59,146.9,1949,1167,782,8.6,9.3,7.8,149.2,6058,3904,2154,26.8,31.1,21.5,181.2,3013,2012,1001,13.3,16,10,201,3045,1892,1153,13.5,15.1,11.5,164.1,6590,3614,2976,29.2,28.8,29.7,121.4,3472,1978,1494,15.4,15.8,14.9,132.4,3118,1636,1482,13.8,13,14.8,110.4,3528,1628,1900,15.6,13,19,85.7,2152,1046,1106,9.5,8.3,11,94.6,1095,475,620,4.9,3.8,6.2,76.6,281,107,174,1.2,0.9,1.7,61.5,18638,10556,8082,82.6,84.1,80.7,130.6,18125,10313,7812,80.3,82.1,78,132,17373,9922,7451,77,79,74.4,133.2,5016
0500000US12125,12125,"Union County, Florida",15535,10045,5490,100,100,100,183,827,430,397,5.3,4.3,7.2,108.3,769,390,379,5,3.9,6.9,102.9,880,443,437,5.7,4.4,8,101.4,896,506,390,5.8,5,7.1,129.7,1075,754,321,6.9,7.5,5.8,234.9,1276,897,379,8.2,8.9,6.9,236.7,1139,798,341,7.3,7.9,6.2,234,1123,761,362,7.2,7.6,6.6,210.2,1047,718,329,6.7,7.1,6,218.2,1266,830,436,8.1,8.3,7.9,190.4,1319,902,417,8.5,9,7.6,216.3,1325,976,349,8.5,9.7,6.4,279.7,1039,745,294,6.7,7.4,5.4,253.4,638,414,224,4.1,4.1,4.1,184.8,394,238,156,2.5,2.4,2.8,152.6,274,145,129,1.8,1.4,2.3,112.4,148,66,82,1,0.7,1.5,80.5,71,23,48,0.5,0.2,0.9,47.9,29,9,20,0.2,0.1,0.4,45,3010,1540,1470,19.4,15.3,26.8,104.8,10971,7610,3361,70.6,75.8,61.2,226.4,1437,983,454,9.3,9.8,8.3,216.5,4585,3174,1411,29.5,31.6,25.7,224.9,2415,1695,720,15.5,16.9,13.1,235.4,2170,1479,691,14,14.7,12.6,214,4949,3453,1496,31.9,34.4,27.2,230.8,2585,1732,853,16.6,17.2,15.5,203,2364,1721,643,15.2,17.1,11.7,267.7,1554,895,659,10,8.9,12,135.8,1032,652,380,6.6,6.5,6.9,171.6,422,211,211,2.7,2.1,3.8,100,100,32,68,0.6,0.3,1.2,47.1,12888,8691,4197,83,86.5,76.4,207.1,12525,8505,4020,80.6,84.7,73.2,211.6,11941,8130,3811,76.9,80.9,69.4,213.3,2593
0500000US12127,12127,"Volusia County, Florida",494593,241715,252878,100,100,100,95.6,24337,12398,11939,4.9,5.1,4.7,103.8,24819,12725,12094,5,5.3,4.8,105.2,26923,13689,13234,5.4,5.7,5.2,103.4,31095,16313,14782,6.3,6.7,5.8,110.4,30798,16323,14475,6.2,6.8,5.7,112.8,25952,13128,12824,5.2,5.4,5.1,102.4,24890,12515,12375,5,5.2,4.9,101.1,26838,13478,13360,5.4,5.6,5.3,100.9,29773,14881,14892,6,6.2,5.9,99.9,36408,17836,18572,7.4,7.4,7.3,96,37785,18263,19522,7.6,7.6,7.7,93.6,35429,16849,18580,7.2,7,7.3,90.7,35257,16794,18463,7.1,6.9,7.3,91,29761,14078,15683,6,5.8,6.2,89.8,24006,11281,12725,4.9,4.7,5,88.7,19810,9045,10765,4,3.7,4.3,84,16062,6818,9244,3.2,2.8,3.7,73.8,9857,3806,6051,2,1.6,2.4,62.9,4793,1495,3298,1,0.6,1.3,45.3,93273,47772,45501,18.9,19.8,18,105,297031,147420,149611,60.1,61,59.2,98.5,44699,23676,21023,9,9.8,8.3,112.6,107453,54002,53451,21.7,22.3,21.1,101,50842,25643,25199,10.3,10.6,10,101.8,56611,28359,28252,11.4,11.7,11.2,100.4,144879,69742,75137,29.3,28.9,29.7,92.8,74193,36099,38094,15,14.9,15.1,94.8,70686,33643,37043,14.3,13.9,14.6,90.8,104289,46523,57766,21.1,19.2,22.8,80.5,53767,25359,28408,10.9,10.5,11.2,89.3,35872,15863,20009,7.3,6.6,7.9,79.3,14650,5301,9349,3,2.2,3.7,56.7,412956,200045,212911,83.5,82.8,84.2,94,401320,193943,207377,81.1,80.2,82,93.5,380444,182837,197607,76.9,75.6,78.1,92.5,139546
0500000US12129,12129,"Wakulla County, Florida",30776,16992,13784,100,100,100,123.3,1740,904,836,5.7,5.3,6.1,108.1,2000,1074,926,6.5,6.3,6.7,116,1951,1050,901,6.3,6.2,6.5,116.5,1905,965,940,6.2,5.7,6.8,102.7,1770,999,771,5.8,5.9,5.6,129.6,2099,1282,817,6.8,7.5,5.9,156.9,2177,1326,851,7.1,7.8,6.2,155.8,2384,1388,996,7.7,8.2,7.2,139.4,2394,1439,955,7.8,8.5,6.9,150.7,2681,1535,1146,8.7,9,8.3,133.9,2486,1367,1119,8.1,8,8.1,122.2,2072,1097,975,6.7,6.5,7.1,112.5,1778,948,830,5.8,5.6,6,114.2,1256,646,610,4.1,3.8,4.4,105.9,867,421,446,2.8,2.5,3.2,94.4,580,283,297,1.9,1.7,2.2,95.3,378,163,215,1.2,1,1.6,75.8,189,85,104,0.6,0.5,0.8,81.7,69,20,49,0.2,0.1,0.4,40.8,6925,3647,3278,22.5,21.5,23.8,111.3,20512,11727,8785,66.6,69,63.7,133.5,2441,1345,1096,7.9,7.9,8,122.7,9054,5435,3619,29.4,32,26.3,150.2,4276,2608,1668,13.9,15.3,12.1,156.4,4778,2827,1951,15.5,16.6,14.2,144.9,9017,4947,4070,29.3,29.1,29.5,121.5,5167,2902,2265,16.8,17.1,16.4,128.1,3850,2045,1805,12.5,12,13.1,113.3,3339,1618,1721,10.8,9.5,12.5,94,2123,1067,1056,6.9,6.3,7.7,101,958,446,512,3.1,2.6,3.7,87.1,258,105,153,0.8,0.6,1.1,68.6,24727,13781,10946,80.3,81.1,79.4,125.9,23851,13345,10506,77.5,78.5,76.2,127,22862,12832,10030,74.3,75.5,72.8,127.9,5117
0500000US12131,12131,"Walton County, Florida",55043,28177,26866,100,100,100,104.9,3355,1771,1584,6.1,6.3,5.9,111.8,3159,1556,1603,5.7,5.5,6,97.1,2916,1521,1395,5.3,5.4,5.2,109,3124,1686,1438,5.7,6,5.4,117.2,2945,1567,1378,5.4,5.6,5.1,113.7,3556,1977,1579,6.5,7,5.9,125.2,3382,1851,1531,6.1,6.6,5.7,120.9,3574,1935,1639,6.5,6.9,6.1,118.1,3542,1885,1657,6.4,6.7,6.2,113.8,4294,2187,2107,7.8,7.8,7.8,103.8,4420,2207,2213,8,7.8,8.2,99.7,3967,1956,2011,7.2,6.9,7.5,97.3,3866,1894,1972,7,6.7,7.3,96,3154,1579,1575,5.7,5.6,5.9,100.3,2304,1102,1202,4.2,3.9,4.5,91.7,1567,749,818,2.8,2.7,3,91.6,1063,449,614,1.9,1.6,2.3,73.1,622,233,389,1.1,0.8,1.4,59.9,233,72,161,0.4,0.3,0.6,44.7,11330,5907,5423,20.6,21,20.2,108.9,34770,18086,16684,63.2,64.2,62.1,108.4,4169,2194,1975,7.6,7.8,7.4,111.1,14054,7648,6406,25.5,27.1,23.8,119.4,6938,3828,3110,12.6,13.6,11.6,123.1,7116,3820,3296,12.9,13.6,12.3,115.9,16547,8244,8303,30.1,29.3,30.9,99.3,8714,4394,4320,15.8,15.6,16.1,101.7,7833,3850,3983,14.2,13.7,14.8,96.7,8943,4184,4759,16.2,14.8,17.7,87.9,5458,2681,2777,9.9,9.5,10.3,96.5,2630,1198,1432,4.8,4.3,5.3,83.7,855,305,550,1.6,1.1,2,55.5,44980,22974,22006,81.7,81.5,81.9,104.4,43713,22270,21443,79.4,79,79.8,103.9,41913,21340,20573,76.1,75.7,76.6,103.7,12809
0500000US12133,12133,"Washington County, Florida",24896,13575,11321,100,100,100,119.9,1444,706,738,5.8,5.2,6.5,95.7,1404,764,640,5.6,5.6,5.7,119.4,1465,771,694,5.9,5.7,6.1,111.1,1596,862,734,6.4,6.3,6.5,117.4,1528,936,592,6.1,6.9,5.2,158.1,1544,989,555,6.2,7.3,4.9,178.2,1665,1038,627,6.7,7.6,5.5,165.6,1693,993,700,6.8,7.3,6.2,141.9,1781,1067,714,7.2,7.9,6.3,149.4,1927,1079,848,7.7,7.9,7.5,127.2,1893,1014,879,7.6,7.5,7.8,115.4,1603,823,780,6.4,6.1,6.9,105.5,1526,750,776,6.1,5.5,6.9,96.6,1369,651,718,5.5,4.8,6.3,90.7,959,495,464,3.9,3.6,4.1,106.7,682,325,357,2.7,2.4,3.2,91,442,190,252,1.8,1.4,2.2,75.4,256,87,169,1,0.6,1.5,51.5,119,35,84,0.5,0.3,0.7,41.7,5270,2740,2530,21.2,20.2,22.3,108.3,15799,9052,6747,63.5,66.7,59.6,134.2,2167,1299,868,8.7,9.6,7.7,149.7,6683,4087,2596,26.8,30.1,22.9,157.4,3209,2027,1182,12.9,14.9,10.4,171.5,3474,2060,1414,14,15.2,12.5,145.7,6949,3666,3283,27.9,27,29,111.7,3820,2093,1727,15.3,15.4,15.3,121.2,3129,1573,1556,12.6,11.6,13.7,101.1,3827,1783,2044,15.4,13.1,18.1,87.2,2328,1146,1182,9.4,8.4,10.4,97,1124,515,609,4.5,3.8,5.4,84.6,375,122,253,1.5,0.9,2.2,48.2,20310,11191,9119,81.6,82.4,80.5,122.7,19626,10835,8791,78.8,79.8,77.7,123.3,18681,10278,8403,75,75.7,74.2,122.3,5353
