date,dateRec,rain
2/29/2008,2/29/2008,
3/1/2008,3/1/2008,0
3/2/2008,3/2/2008,0
3/3/2008,3/3/2008,0
3/4/2008,3/4/2008,0.69
3/5/2008,3/5/2008,0
3/6/2008,3/6/2008,0.08
3/7/2008,3/7/2008,3.13
3/8/2008,3/8/2008,0
3/9/2008,3/9/2008,0
3/10/2008,3/10/2008,0
3/11/2008,3/11/2008,0
3/12/2008,3/12/2008,0
3/13/2008,3/13/2008,0
3/14/2008,3/14/2008,0.17
3/15/2008,3/15/2008,0
3/16/2008,3/16/2008,0
3/17/2008,3/17/2008,0
3/18/2008,3/18/2008,0
3/19/2008,3/19/2008,0
3/20/2008,3/20/2008,0.29
3/21/2008,3/21/2008,0
3/22/2008,3/22/2008,0
3/23/2008,3/23/2008,0
3/24/2008,3/24/2008,0
3/25/2008,3/25/2008,0
3/26/2008,3/26/2008,0
3/27/2008,3/27/2008,0
3/28/2008,3/28/2008,0
3/29/2008,3/29/2008,0
3/30/2008,3/30/2008,0
3/31/2008,3/31/2008,0
4/1/2008,4/1/2008,0
4/2/2008,4/2/2008,0
4/3/2008,4/3/2008,0
4/4/2008,4/4/2008,0.01
4/5/2008,4/5/2008,0.58
4/6/2008,4/6/2008,0.41
4/7/2008,4/7/2008,0
4/8/2008,4/8/2008,0
4/9/2008,4/9/2008,0
4/10/2008,4/10/2008,0
4/11/2008,4/11/2008,0
4/12/2008,4/12/2008,0
4/13/2008,4/13/2008,0.05
4/14/2008,4/14/2008,0
4/15/2008,4/15/2008,0
4/16/2008,4/16/2008,0
4/17/2008,4/17/2008,0
4/18/2008,4/18/2008,0
4/19/2008,4/19/2008,0
4/20/2008,4/20/2008,0
4/21/2008,4/21/2008,0
4/22/2008,4/22/2008,0
4/23/2008,4/23/2008,0
4/24/2008,4/24/2008,0
4/25/2008,4/25/2008,0
4/26/2008,4/26/2008,0
4/27/2008,4/27/2008,0
4/28/2008,4/28/2008,0
4/29/2008,4/29/2008,0
4/30/2008,4/30/2008,0
5/1/2008,5/1/2008,0
5/2/2008,5/2/2008,0
5/3/2008,5/3/2008,0
5/4/2008,5/4/2008,0
5/5/2008,5/5/2008,0
5/6/2008,5/6/2008,0
5/7/2008,5/7/2008,0
5/8/2008,5/8/2008,0
5/9/2008,5/9/2008,0
5/10/2008,5/10/2008,0
5/11/2008,5/11/2008,0
5/12/2008,5/12/2008,0
5/13/2008,5/13/2008,0
5/14/2008,5/14/2008,0
5/15/2008,5/15/2008,0
5/16/2008,5/16/2008,0.41
5/17/2008,5/17/2008,0
5/18/2008,5/18/2008,0.01
5/19/2008,5/19/2008,0
5/20/2008,5/20/2008,0
5/21/2008,5/21/2008,0
5/22/2008,5/22/2008,0
5/23/2008,5/23/2008,0.03
5/24/2008,5/24/2008,0
5/25/2008,5/25/2008,0
5/26/2008,5/26/2008,0
5/27/2008,5/27/2008,0
5/28/2008,5/28/2008,0
5/29/2008,5/29/2008,0
5/30/2008,5/30/2008,0
5/31/2008,5/31/2008,0.17
6/1/2008,6/1/2008,0
6/2/2008,6/2/2008,0
6/3/2008,6/3/2008,0.04
6/4/2008,6/4/2008,0
6/5/2008,6/5/2008,0
6/6/2008,6/6/2008,0
6/7/2008,6/7/2008,0
6/8/2008,6/8/2008,0.13
6/9/2008,6/9/2008,0.05
6/10/2008,6/10/2008,1.64
6/11/2008,6/11/2008,0.99
6/12/2008,6/12/2008,0.42
6/13/2008,6/13/2008,0.01
6/14/2008,6/14/2008,0.01
6/15/2008,6/15/2008,0.12
6/16/2008,6/16/2008,0
6/17/2008,6/17/2008,0
6/18/2008,6/18/2008,0.01
6/19/2008,6/19/2008,0
6/20/2008,6/20/2008,0
6/21/2008,6/21/2008,0.23
6/22/2008,6/22/2008,0.56
6/23/2008,6/23/2008,0.19
6/24/2008,6/24/2008,0
6/25/2008,6/25/2008,0.03
6/26/2008,6/26/2008,0.18
6/27/2008,6/27/2008,0.46
6/28/2008,6/28/2008,0.03
6/29/2008,6/29/2008,0.05
6/30/2008,6/30/2008,0.15
7/1/2008,7/1/2008,0.02
7/2/2008,7/2/2008,0.01
7/3/2008,7/3/2008,0
7/4/2008,7/4/2008,0
7/5/2008,7/5/2008,0
7/6/2008,7/6/2008,0.02
7/7/2008,7/7/2008,0.01
7/8/2008,7/8/2008,2.34
7/9/2008,7/9/2008,0
7/10/2008,7/10/2008,0
7/11/2008,7/11/2008,0
7/12/2008,7/12/2008,0.5
7/13/2008,7/13/2008,0
7/14/2008,7/14/2008,0.38
7/15/2008,7/15/2008,0.02
7/16/2008,7/16/2008,0.55
7/17/2008,7/17/2008,0
7/18/2008,7/18/2008,0
7/19/2008,7/19/2008,0
7/20/2008,7/20/2008,0
7/21/2008,7/21/2008,0
7/22/2008,7/22/2008,0.93
7/23/2008,7/23/2008,0.09
7/24/2008,7/24/2008,0
7/25/2008,7/25/2008,0.01
7/26/2008,7/26/2008,0.21
7/27/2008,7/27/2008,0.07
7/28/2008,7/28/2008,0
7/29/2008,7/29/2008,0.25
7/30/2008,7/30/2008,0.02
7/31/2008,7/31/2008,0.18
8/1/2008,8/1/2008,0
8/2/2008,8/2/2008,0.03
8/3/2008,8/3/2008,0
8/4/2008,8/4/2008,0
8/5/2008,8/5/2008,0
8/6/2008,8/6/2008,0
8/7/2008,8/7/2008,0
8/8/2008,8/8/2008,0.43
8/9/2008,8/9/2008,0
8/10/2008,8/10/2008,0
8/11/2008,8/11/2008,0
8/12/2008,8/12/2008,1.45
8/13/2008,8/13/2008,0.51
8/14/2008,8/14/2008,0.23
8/15/2008,8/15/2008,0
8/16/2008,8/16/2008,0.03
8/17/2008,8/17/2008,0.03
8/18/2008,8/18/2008,0
8/19/2008,8/19/2008,0.12
8/20/2008,8/20/2008,0.07
8/21/2008,8/21/2008,2.53
8/22/2008,8/22/2008,1.36
8/23/2008,8/23/2008,0.15
8/24/2008,8/24/2008,1.47
8/25/2008,8/25/2008,0.01
8/26/2008,8/26/2008,0
8/27/2008,8/27/2008,0
8/28/2008,8/28/2008,0.17
8/29/2008,8/29/2008,0
8/30/2008,8/30/2008,0.12
8/31/2008,8/31/2008,0
9/1/2008,9/1/2008,0
9/2/2008,9/2/2008,0
9/3/2008,9/3/2008,0
9/4/2008,9/4/2008,0
9/5/2008,9/5/2008,0
9/6/2008,9/6/2008,0
9/7/2008,9/7/2008,0
9/8/2008,9/8/2008,0
9/9/2008,9/9/2008,0
9/10/2008,9/10/2008,0.22
9/11/2008,9/11/2008,0.1
9/12/2008,9/12/2008,0
9/13/2008,9/13/2008,0
9/14/2008,9/14/2008,0
9/15/2008,9/15/2008,0
9/16/2008,9/16/2008,0
9/17/2008,9/17/2008,0.03
9/18/2008,9/18/2008,0
9/19/2008,9/19/2008,0
9/20/2008,9/20/2008,0.02
9/21/2008,9/21/2008,0.12
9/22/2008,9/22/2008,0.04
9/23/2008,9/23/2008,0
9/24/2008,9/24/2008,0
9/25/2008,9/25/2008,0
9/26/2008,9/26/2008,0
9/27/2008,9/27/2008,0
9/28/2008,9/28/2008,0
9/29/2008,9/29/2008,0
9/30/2008,9/30/2008,0
10/1/2008,10/1/2008,0
10/2/2008,10/2/2008,0
10/3/2008,10/3/2008,0
10/4/2008,10/4/2008,0
10/5/2008,10/5/2008,0
10/6/2008,10/6/2008,0
10/7/2008,10/7/2008,0
10/8/2008,10/8/2008,1.34
10/9/2008,10/9/2008,1.47
10/10/2008,10/10/2008,0.02
10/11/2008,10/11/2008,0
10/12/2008,10/12/2008,0
10/13/2008,10/13/2008,0.1
10/14/2008,10/14/2008,0
10/15/2008,10/15/2008,0
10/16/2008,10/16/2008,0
10/17/2008,10/17/2008,0
10/18/2008,10/18/2008,0
10/19/2008,10/19/2008,0
10/20/2008,10/20/2008,0
10/21/2008,10/21/2008,0
10/22/2008,10/22/2008,0
10/23/2008,10/23/2008,0.14
10/24/2008,10/24/2008,0.59
10/25/2008,10/25/2008,0.01
10/26/2008,10/26/2008,0
10/27/2008,10/27/2008,0
10/28/2008,10/28/2008,0
10/29/2008,10/29/2008,0
10/30/2008,10/30/2008,0
10/31/2008,10/31/2008,0
11/1/2008,11/1/2008,0
11/2/2008,11/2/2008,0
11/3/2008,11/3/2008,0
11/4/2008,11/4/2008,0
11/5/2008,11/5/2008,0
11/6/2008,11/6/2008,0
11/7/2008,11/7/2008,0
11/8/2008,11/8/2008,0
11/9/2008,11/9/2008,0
11/10/2008,11/10/2008,0
11/11/2008,11/11/2008,0
11/12/2008,11/12/2008,0
11/13/2008,11/13/2008,0.01
11/14/2008,11/14/2008,0.04
11/15/2008,11/15/2008,0.04
11/16/2008,11/16/2008,0
11/17/2008,11/17/2008,0
11/18/2008,11/18/2008,0
11/19/2008,11/19/2008,0
11/20/2008,11/20/2008,0
11/21/2008,11/21/2008,0
11/22/2008,11/22/2008,0
11/23/2008,11/23/2008,0
11/24/2008,11/24/2008,0
11/25/2008,11/25/2008,0
11/26/2008,11/26/2008,0
11/27/2008,11/27/2008,0
11/28/2008,11/28/2008,0
11/29/2008,11/29/2008,0
11/30/2008,11/30/2008,1.46
12/1/2008,12/1/2008,0.01
12/2/2008,12/2/2008,0.16
12/3/2008,12/3/2008,0
12/4/2008,12/4/2008,0
12/5/2008,12/5/2008,0.01
12/6/2008,12/6/2008,0.04
12/7/2008,12/7/2008,0
12/8/2008,12/8/2008,0
12/9/2008,12/9/2008,0
12/10/2008,12/10/2008,0
12/11/2008,12/11/2008,0.59
12/12/2008,12/12/2008,0
12/13/2008,12/13/2008,0
12/14/2008,12/14/2008,0
12/15/2008,12/15/2008,0
12/16/2008,12/16/2008,0
12/17/2008,12/17/2008,0
12/18/2008,12/18/2008,0
12/19/2008,12/19/2008,0
12/20/2008,12/20/2008,0
12/21/2008,12/21/2008,0.05
12/22/2008,12/22/2008,0
12/23/2008,12/23/2008,0
12/24/2008,12/24/2008,0
12/25/2008,12/25/2008,0
12/26/2008,12/26/2008,0
12/27/2008,12/27/2008,0
12/28/2008,12/28/2008,0
12/29/2008,12/29/2008,0.03
12/30/2008,12/30/2008,0
12/31/2008,12/31/2008,0
1/1/2009,1/1/2009,0
1/2/2009,1/2/2009,0
1/3/2009,1/3/2009,0
1/4/2009,1/4/2009,0
1/5/2009,1/5/2009,0
1/6/2009,1/6/2009,0
1/7/2009,1/7/2009,0.04
1/8/2009,1/8/2009,0
1/9/2009,1/9/2009,0
1/10/2009,1/10/2009,0
1/11/2009,1/11/2009,0.14
1/12/2009,1/12/2009,0.14
1/13/2009,1/13/2009,1.31
1/14/2009,1/14/2009,0
1/15/2009,1/15/2009,0
1/16/2009,1/16/2009,0
1/17/2009,1/17/2009,0
1/18/2009,1/18/2009,0.17
1/19/2009,1/19/2009,0.08
1/20/2009,1/20/2009,0
1/21/2009,1/21/2009,0
1/22/2009,1/22/2009,0
1/23/2009,1/23/2009,0
1/24/2009,1/24/2009,0
1/25/2009,1/25/2009,0
1/26/2009,1/26/2009,0
1/27/2009,1/27/2009,0
1/28/2009,1/28/2009,0.2
1/29/2009,1/29/2009,1.39
1/30/2009,1/30/2009,0.03
1/31/2009,1/31/2009,0
2/1/2009,2/1/2009,0
2/2/2009,2/2/2009,1.24
2/3/2009,2/3/2009,0
2/4/2009,2/4/2009,0
2/5/2009,2/5/2009,0
2/6/2009,2/6/2009,0
2/7/2009,2/7/2009,0
2/8/2009,2/8/2009,0
2/9/2009,2/9/2009,0
2/10/2009,2/10/2009,0
2/11/2009,2/11/2009,0
2/12/2009,2/12/2009,0.07
2/13/2009,2/13/2009,0
2/14/2009,2/14/2009,0.18
2/15/2009,2/15/2009,0.03
2/16/2009,2/16/2009,0
2/17/2009,2/17/2009,0
2/18/2009,2/18/2009,0
2/19/2009,2/19/2009,0.6
2/20/2009,2/20/2009,0
2/21/2009,2/21/2009,0
2/22/2009,2/22/2009,0
2/23/2009,2/23/2009,0
2/24/2009,2/24/2009,0
2/25/2009,2/25/2009,0
2/26/2009,2/26/2009,0
2/27/2009,2/27/2009,0
2/28/2009,2/28/2009,0
3/1/2009,3/1/2009,0.73
3/2/2009,3/2/2009,0
3/3/2009,3/3/2009,0
3/4/2009,3/4/2009,0
3/5/2009,3/5/2009,0
3/6/2009,3/6/2009,0
3/7/2009,3/7/2009,0
3/8/2009,3/8/2009,0
3/9/2009,3/9/2009,0
3/10/2009,3/10/2009,0
3/11/2009,3/11/2009,0
3/12/2009,3/12/2009,0
3/13/2009,3/13/2009,0
3/14/2009,3/14/2009,0
3/15/2009,3/15/2009,0
3/16/2009,3/16/2009,0
3/17/2009,3/17/2009,0
3/18/2009,3/18/2009,0
3/19/2009,3/19/2009,0
3/20/2009,3/20/2009,0
3/21/2009,3/21/2009,0
3/22/2009,3/22/2009,0
3/23/2009,3/23/2009,0.09
3/24/2009,3/24/2009,0
3/25/2009,3/25/2009,0
3/26/2009,3/26/2009,0
3/27/2009,3/27/2009,0.23
3/28/2009,3/28/2009,1.7
3/29/2009,3/29/2009,0.99
3/30/2009,3/30/2009,0
3/31/2009,3/31/2009,0.23
4/1/2009,4/1/2009,1.19
4/2/2009,4/2/2009,0
4/3/2009,4/3/2009,0.05
4/4/2009,4/4/2009,0
4/5/2009,4/5/2009,0
4/6/2009,4/6/2009,0.08
4/7/2009,4/7/2009,0
4/8/2009,4/8/2009,0
4/9/2009,4/9/2009,0
4/10/2009,4/10/2009,0
4/11/2009,4/11/2009,0
4/12/2009,4/12/2009,0
4/13/2009,4/13/2009,0.46
4/14/2009,4/14/2009,0.6
4/15/2009,4/15/2009,0
4/16/2009,4/16/2009,0
4/17/2009,4/17/2009,0
4/18/2009,4/18/2009,0
4/19/2009,4/19/2009,0
4/20/2009,4/20/2009,0.32
4/21/2009,4/21/2009,0
4/22/2009,4/22/2009,0
4/23/2009,4/23/2009,0
4/24/2009,4/24/2009,0
4/25/2009,4/25/2009,0
4/26/2009,4/26/2009,0
4/27/2009,4/27/2009,0
4/28/2009,4/28/2009,0
4/29/2009,4/29/2009,0
4/30/2009,4/30/2009,0
5/1/2009,5/1/2009,0
5/2/2009,5/2/2009,0
5/3/2009,5/3/2009,0
5/4/2009,5/4/2009,0
5/5/2009,5/5/2009,0
5/6/2009,5/6/2009,0
5/7/2009,5/7/2009,0
5/8/2009,5/8/2009,0
5/9/2009,5/9/2009,0
5/10/2009,5/10/2009,0
5/11/2009,5/11/2009,0
5/12/2009,5/12/2009,0
5/13/2009,5/13/2009,0
5/14/2009,5/14/2009,1.67
5/15/2009,5/15/2009,0.02
5/16/2009,5/16/2009,0.1
5/17/2009,5/17/2009,0.64
5/18/2009,5/18/2009,0.69
5/19/2009,5/19/2009,0.92
5/20/2009,5/20/2009,1.06
5/21/2009,5/21/2009,0.55
5/22/2009,5/22/2009,0.77
5/23/2009,5/23/2009,0.63
5/24/2009,5/24/2009,0
5/25/2009,5/25/2009,0.16
5/26/2009,5/26/2009,0.34
5/27/2009,5/27/2009,0.01
5/28/2009,5/28/2009,0.6
5/29/2009,5/29/2009,0.04
5/30/2009,5/30/2009,0
5/31/2009,5/31/2009,0
6/1/2009,6/1/2009,0
6/2/2009,6/2/2009,0
6/3/2009,6/3/2009,0.79
6/4/2009,6/4/2009,0.15
6/5/2009,6/5/2009,0.8
6/6/2009,6/6/2009,0.47
6/7/2009,6/7/2009,0.04
6/8/2009,6/8/2009,0
6/9/2009,6/9/2009,0
6/10/2009,6/10/2009,0
6/11/2009,6/11/2009,0
6/12/2009,6/12/2009,0
6/13/2009,6/13/2009,0.03
6/14/2009,6/14/2009,0
6/15/2009,6/15/2009,0.07
6/16/2009,6/16/2009,0
6/17/2009,6/17/2009,0
6/18/2009,6/18/2009,0.23
6/19/2009,6/19/2009,0
6/20/2009,6/20/2009,0
6/21/2009,6/21/2009,0
6/22/2009,6/22/2009,0
6/23/2009,6/23/2009,0.43
6/24/2009,6/24/2009,0
6/25/2009,6/25/2009,0
6/26/2009,6/26/2009,0
6/27/2009,6/27/2009,0.02
6/28/2009,6/28/2009,0
6/29/2009,6/29/2009,0.12
6/30/2009,6/30/2009,0.51
7/1/2009,7/1/2009,0
7/2/2009,7/2/2009,0
7/3/2009,7/3/2009,0.36
7/4/2009,7/4/2009,0
7/5/2009,7/5/2009,0
7/6/2009,7/6/2009,0.22
7/7/2009,7/7/2009,0.87
7/8/2009,7/8/2009,0.46
7/9/2009,7/9/2009,0.2
7/10/2009,7/10/2009,0.74
7/11/2009,7/11/2009,0.13
7/12/2009,7/12/2009,0.02
7/13/2009,7/13/2009,0.08
7/14/2009,7/14/2009,0
7/15/2009,7/15/2009,0
7/16/2009,7/16/2009,0.06
7/17/2009,7/17/2009,0
7/18/2009,7/18/2009,0.57
7/19/2009,7/19/2009,0
7/20/2009,7/20/2009,0
7/21/2009,7/21/2009,0
7/22/2009,7/22/2009,0
7/23/2009,7/23/2009,0
7/24/2009,7/24/2009,0.57
7/25/2009,7/25/2009,0.75
7/26/2009,7/26/2009,0
7/27/2009,7/27/2009,0
7/28/2009,7/28/2009,0
7/29/2009,7/29/2009,0.15
7/30/2009,7/30/2009,0.01
7/31/2009,7/31/2009,1.54
8/1/2009,8/1/2009,0.98
8/2/2009,8/2/2009,0.12
8/3/2009,8/3/2009,0.84
8/4/2009,8/4/2009,0.33
8/5/2009,8/5/2009,0
8/6/2009,8/6/2009,0.11
8/7/2009,8/7/2009,0
8/8/2009,8/8/2009,0
8/9/2009,8/9/2009,0
8/10/2009,8/10/2009,0
8/11/2009,8/11/2009,0
8/12/2009,8/12/2009,0.35
8/13/2009,8/13/2009,0.27
8/14/2009,8/14/2009,0.19
8/15/2009,8/15/2009,0.06
8/16/2009,8/16/2009,0
8/17/2009,8/17/2009,0.11
8/18/2009,8/18/2009,0.03
8/19/2009,8/19/2009,0.32
8/20/2009,8/20/2009,0.04
8/21/2009,8/21/2009,0.28
8/22/2009,8/22/2009,0.92
8/23/2009,8/23/2009,0
8/24/2009,8/24/2009,0
8/25/2009,8/25/2009,0
8/26/2009,8/26/2009,0.34
8/27/2009,8/27/2009,1.45
8/28/2009,8/28/2009,0.04
8/29/2009,8/29/2009,0
8/30/2009,8/30/2009,0
8/31/2009,8/31/2009,0
9/1/2009,9/1/2009,0.32
9/2/2009,9/2/2009,0.11
9/3/2009,9/3/2009,0.03
9/4/2009,9/4/2009,0
9/5/2009,9/5/2009,0.04
9/6/2009,9/6/2009,0
9/7/2009,9/7/2009,0
9/8/2009,9/8/2009,0
9/9/2009,9/9/2009,0
9/10/2009,9/10/2009,0
9/11/2009,9/11/2009,0
9/12/2009,9/12/2009,0.03
9/13/2009,9/13/2009,0.04
9/14/2009,9/14/2009,0
9/15/2009,9/15/2009,0
9/16/2009,9/16/2009,0
9/17/2009,9/17/2009,2.19
9/18/2009,9/18/2009,0
9/19/2009,9/19/2009,0
9/20/2009,9/20/2009,0
9/21/2009,9/21/2009,0
9/22/2009,9/22/2009,0
9/23/2009,9/23/2009,0.02
9/24/2009,9/24/2009,0.01
9/25/2009,9/25/2009,0
9/26/2009,9/26/2009,0.05
9/27/2009,9/27/2009,0
9/28/2009,9/28/2009,0
9/29/2009,9/29/2009,0
9/30/2009,9/30/2009,0
10/1/2009,10/1/2009,0
10/2/2009,10/2/2009,0
10/3/2009,10/3/2009,0
10/4/2009,10/4/2009,0
10/5/2009,10/5/2009,0.46
10/6/2009,10/6/2009,0
10/7/2009,10/7/2009,0.07
10/8/2009,10/8/2009,0
10/9/2009,10/9/2009,0
10/10/2009,10/10/2009,0.06
10/11/2009,10/11/2009,0
10/12/2009,10/12/2009,0
10/13/2009,10/13/2009,0
10/14/2009,10/14/2009,0.01
10/15/2009,10/15/2009,0
10/16/2009,10/16/2009,0.49
10/17/2009,10/17/2009,0
10/18/2009,10/18/2009,0
10/19/2009,10/19/2009,0
10/20/2009,10/20/2009,0
10/21/2009,10/21/2009,0
10/22/2009,10/22/2009,0
10/23/2009,10/23/2009,0
10/24/2009,10/24/2009,0
10/25/2009,10/25/2009,0
10/26/2009,10/26/2009,0
10/27/2009,10/27/2009,0.34
10/28/2009,10/28/2009,0
10/29/2009,10/29/2009,0
10/30/2009,10/30/2009,0
10/31/2009,10/31/2009,0
11/1/2009,11/1/2009,0
11/2/2009,11/2/2009,0
11/3/2009,11/3/2009,0
11/4/2009,11/4/2009,0
11/5/2009,11/5/2009,0
11/6/2009,11/6/2009,0
11/7/2009,11/7/2009,0
11/8/2009,11/8/2009,0
11/9/2009,11/9/2009,0
11/10/2009,11/10/2009,0.3
11/11/2009,11/11/2009,0.06
11/12/2009,11/12/2009,0
11/13/2009,11/13/2009,0
11/14/2009,11/14/2009,0
11/15/2009,11/15/2009,0
11/16/2009,11/16/2009,0
11/17/2009,11/17/2009,0
11/18/2009,11/18/2009,0
11/19/2009,11/19/2009,0
11/20/2009,11/20/2009,0
11/21/2009,11/21/2009,0
11/22/2009,11/22/2009,0.46
11/23/2009,11/23/2009,0
11/24/2009,11/24/2009,0.23
11/25/2009,11/25/2009,1.21
11/26/2009,11/26/2009,0
11/27/2009,11/27/2009,0
11/28/2009,11/28/2009,0
11/29/2009,11/29/2009,0
11/30/2009,11/30/2009,0
12/1/2009,12/1/2009,0.02
12/2/2009,12/2/2009,0.51
12/3/2009,12/3/2009,0
12/4/2009,12/4/2009,0.49
12/5/2009,12/5/2009,0.93
12/6/2009,12/6/2009,0
12/7/2009,12/7/2009,0.01
12/8/2009,12/8/2009,0
12/9/2009,12/9/2009,0
12/10/2009,12/10/2009,0
12/11/2009,12/11/2009,0
12/12/2009,12/12/2009,0.21
12/13/2009,12/13/2009,0
12/14/2009,12/14/2009,0
12/15/2009,12/15/2009,0
12/16/2009,12/16/2009,0
12/17/2009,12/17/2009,0
12/18/2009,12/18/2009,0.29
12/19/2009,12/19/2009,0
12/20/2009,12/20/2009,0
12/21/2009,12/21/2009,0
12/22/2009,12/22/2009,0
12/23/2009,12/23/2009,0
12/24/2009,12/24/2009,0
12/25/2009,12/25/2009,0.26
12/26/2009,12/26/2009,0
12/27/2009,12/27/2009,0
12/28/2009,12/28/2009,0
12/29/2009,12/29/2009,0
12/30/2009,12/30/2009,0
12/31/2009,12/31/2009,0
1/1/2010,1/1/2010,0.79
1/2/2010,1/2/2010,0
1/3/2010,1/3/2010,0
1/4/2010,1/4/2010,0
1/5/2010,1/5/2010,0
1/6/2010,1/6/2010,0
1/7/2010,1/7/2010,0
1/8/2010,1/8/2010,0.02
1/9/2010,1/9/2010,0
1/10/2010,1/10/2010,0
1/11/2010,1/11/2010,0
1/12/2010,1/12/2010,0
1/13/2010,1/13/2010,0
1/14/2010,1/14/2010,0
1/15/2010,1/15/2010,0
1/16/2010,1/16/2010,0.42
1/17/2010,1/17/2010,0.7
1/18/2010,1/18/2010,0
1/19/2010,1/19/2010,0
1/20/2010,1/20/2010,0
1/21/2010,1/21/2010,1.85
1/22/2010,1/22/2010,0.07
1/23/2010,1/23/2010,0
1/24/2010,1/24/2010,0
1/25/2010,1/25/2010,0.35
1/26/2010,1/26/2010,0
1/27/2010,1/27/2010,0
1/28/2010,1/28/2010,0
1/29/2010,1/29/2010,0
1/30/2010,1/30/2010,0.34
1/31/2010,1/31/2010,0
2/1/2010,2/1/2010,0.29
2/2/2010,2/2/2010,0.23
2/3/2010,2/3/2010,0
2/4/2010,2/4/2010,0
2/5/2010,2/5/2010,0.81
2/6/2010,2/6/2010,0
2/7/2010,2/7/2010,0
2/8/2010,2/8/2010,0
2/9/2010,2/9/2010,0.53
2/10/2010,2/10/2010,0
2/11/2010,2/11/2010,0
2/12/2010,2/12/2010,1.68
2/13/2010,2/13/2010,0
2/14/2010,2/14/2010,0
2/15/2010,2/15/2010,0
2/16/2010,2/16/2010,0
2/17/2010,2/17/2010,0
2/18/2010,2/18/2010,0
2/19/2010,2/19/2010,0
2/20/2010,2/20/2010,0
2/21/2010,2/21/2010,0
2/22/2010,2/22/2010,0.12
2/23/2010,2/23/2010,0.01
2/24/2010,2/24/2010,0.07
2/25/2010,2/25/2010,0
2/26/2010,2/26/2010,0
2/27/2010,2/27/2010,0.14
2/28/2010,2/28/2010,0
3/1/2010,3/1/2010,0
3/2/2010,3/2/2010,0.55
3/3/2010,3/3/2010,0
3/4/2010,3/4/2010,0
3/5/2010,3/5/2010,0
3/6/2010,3/6/2010,0
3/7/2010,3/7/2010,0
3/8/2010,3/8/2010,0
3/9/2010,3/9/2010,0
3/10/2010,3/10/2010,0
3/11/2010,3/11/2010,1.2
3/12/2010,3/12/2010,0.15
3/13/2010,3/13/2010,0
3/14/2010,3/14/2010,0
3/15/2010,3/15/2010,0
3/16/2010,3/16/2010,0
3/17/2010,3/17/2010,0.09
3/18/2010,3/18/2010,0
3/19/2010,3/19/2010,0
3/20/2010,3/20/2010,0
3/21/2010,3/21/2010,0.25
3/22/2010,3/22/2010,0
3/23/2010,3/23/2010,0
3/24/2010,3/24/2010,0
3/25/2010,3/25/2010,0.55
3/26/2010,3/26/2010,0
3/27/2010,3/27/2010,0
3/28/2010,3/28/2010,0.14
3/29/2010,3/29/2010,0.32
3/30/2010,3/30/2010,0
3/31/2010,3/31/2010,0
4/1/2010,4/1/2010,0
4/2/2010,4/2/2010,0
4/3/2010,4/3/2010,0
4/4/2010,4/4/2010,0
4/5/2010,4/5/2010,0
4/6/2010,4/6/2010,0
4/7/2010,4/7/2010,0
4/8/2010,4/8/2010,0
4/9/2010,4/9/2010,0.02
4/10/2010,4/10/2010,0
4/11/2010,4/11/2010,0
4/12/2010,4/12/2010,0
4/13/2010,4/13/2010,0.02
4/14/2010,4/14/2010,0
4/15/2010,4/15/2010,0
4/16/2010,4/16/2010,0
4/17/2010,4/17/2010,0
4/18/2010,4/18/2010,0
4/19/2010,4/19/2010,0
4/20/2010,4/20/2010,0.03
4/21/2010,4/21/2010,0
4/22/2010,4/22/2010,0
4/23/2010,4/23/2010,0
4/24/2010,4/24/2010,0
4/25/2010,4/25/2010,0.39
4/26/2010,4/26/2010,0
4/27/2010,4/27/2010,0
4/28/2010,4/28/2010,0
4/29/2010,4/29/2010,0
4/30/2010,4/30/2010,2.53
5/1/2010,5/1/2010,0.11
5/2/2010,5/2/2010,0
5/3/2010,5/3/2010,0
5/4/2010,5/4/2010,0.4
5/5/2010,5/5/2010,0
5/6/2010,5/6/2010,0
5/7/2010,5/7/2010,0
5/8/2010,5/8/2010,0
5/9/2010,5/9/2010,0
5/10/2010,5/10/2010,0
5/11/2010,5/11/2010,0
5/12/2010,5/12/2010,0
5/13/2010,5/13/2010,0
5/14/2010,5/14/2010,0
5/15/2010,5/15/2010,0
5/16/2010,5/16/2010,0.11
5/17/2010,5/17/2010,0.28
5/18/2010,5/18/2010,0
5/19/2010,5/19/2010,0
5/20/2010,5/20/2010,0
5/21/2010,5/21/2010,0.57
5/22/2010,5/22/2010,0
5/23/2010,5/23/2010,0
5/24/2010,5/24/2010,0
5/25/2010,5/25/2010,0
5/26/2010,5/26/2010,0
5/27/2010,5/27/2010,0
5/28/2010,5/28/2010,1.01
5/29/2010,5/29/2010,0.3
5/30/2010,5/30/2010,0.41
5/31/2010,5/31/2010,0
6/1/2010,6/1/2010,0
6/2/2010,6/2/2010,0.37
6/3/2010,6/3/2010,0.22
6/4/2010,6/4/2010,0.79
6/5/2010,6/5/2010,0.07
6/6/2010,6/6/2010,0.25
6/7/2010,6/7/2010,0
6/8/2010,6/8/2010,0
6/9/2010,6/9/2010,0
6/10/2010,6/10/2010,0
6/11/2010,6/11/2010,0
6/12/2010,6/12/2010,0
6/13/2010,6/13/2010,0
6/14/2010,6/14/2010,0
6/15/2010,6/15/2010,0.69
6/16/2010,6/16/2010,0.98
6/17/2010,6/17/2010,1.59
6/18/2010,6/18/2010,1.05
6/19/2010,6/19/2010,0.14
6/20/2010,6/20/2010,0
6/21/2010,6/21/2010,0.54
6/22/2010,6/22/2010,0.78
6/23/2010,6/23/2010,0
6/24/2010,6/24/2010,0
6/25/2010,6/25/2010,0.18
6/26/2010,6/26/2010,0.09
6/27/2010,6/27/2010,0
6/28/2010,6/28/2010,0
6/29/2010,6/29/2010,0.01
6/30/2010,6/30/2010,1.24
7/1/2010,7/1/2010,0
7/2/2010,7/2/2010,0.23
7/3/2010,7/3/2010,0.11
7/4/2010,7/4/2010,0.02
7/5/2010,7/5/2010,0
7/6/2010,7/6/2010,0.17
7/7/2010,7/7/2010,0
7/8/2010,7/8/2010,0
7/9/2010,7/9/2010,0
7/10/2010,7/10/2010,0
7/11/2010,7/11/2010,3.16
7/12/2010,7/12/2010,0.43
7/13/2010,7/13/2010,0
7/14/2010,7/14/2010,0
7/15/2010,7/15/2010,0.24
7/16/2010,7/16/2010,0
7/17/2010,7/17/2010,0
7/18/2010,7/18/2010,0
7/19/2010,7/19/2010,0
7/20/2010,7/20/2010,0
7/21/2010,7/21/2010,0
7/22/2010,7/22/2010,0
7/23/2010,7/23/2010,0
7/24/2010,7/24/2010,0.02
7/25/2010,7/25/2010,0
7/26/2010,7/26/2010,0
7/27/2010,7/27/2010,0
7/28/2010,7/28/2010,0.03
7/29/2010,7/29/2010,0
7/30/2010,7/30/2010,0.36
7/31/2010,7/31/2010,0.68
8/1/2010,8/1/2010,0.15
8/2/2010,8/2/2010,0
8/3/2010,8/3/2010,0
8/4/2010,8/4/2010,0
8/5/2010,8/5/2010,0
8/6/2010,8/6/2010,0.45
8/7/2010,8/7/2010,0.94
8/8/2010,8/8/2010,0
8/9/2010,8/9/2010,0
8/10/2010,8/10/2010,0.08
8/11/2010,8/11/2010,0
8/12/2010,8/12/2010,0.41
8/13/2010,8/13/2010,0.84
8/14/2010,8/14/2010,0.1
8/15/2010,8/15/2010,0.05
8/16/2010,8/16/2010,0
8/17/2010,8/17/2010,0.06
8/18/2010,8/18/2010,0
8/19/2010,8/19/2010,0
8/20/2010,8/20/2010,0.11
8/21/2010,8/21/2010,0.02
8/22/2010,8/22/2010,0.34
8/23/2010,8/23/2010,0.01
8/24/2010,8/24/2010,0.19
8/25/2010,8/25/2010,0
8/26/2010,8/26/2010,1.01
8/27/2010,8/27/2010,0.14
8/28/2010,8/28/2010,0
8/29/2010,8/29/2010,0
8/30/2010,8/30/2010,0
8/31/2010,8/31/2010,0
9/1/2010,9/1/2010,0
9/2/2010,9/2/2010,0
9/3/2010,9/3/2010,0
9/4/2010,9/4/2010,0
9/5/2010,9/5/2010,0.07
9/6/2010,9/6/2010,0.27
9/7/2010,9/7/2010,0
9/8/2010,9/8/2010,0
9/9/2010,9/9/2010,0
9/10/2010,9/10/2010,0
9/11/2010,9/11/2010,0
9/12/2010,9/12/2010,0.33
9/13/2010,9/13/2010,0
9/14/2010,9/14/2010,0
9/15/2010,9/15/2010,0
9/16/2010,9/16/2010,0
9/17/2010,9/17/2010,0
9/18/2010,9/18/2010,0
9/19/2010,9/19/2010,0
9/20/2010,9/20/2010,0
9/21/2010,9/21/2010,0
9/22/2010,9/22/2010,0
9/23/2010,9/23/2010,0.04
9/24/2010,9/24/2010,0
9/25/2010,9/25/2010,0
9/26/2010,9/26/2010,0.19
9/27/2010,9/27/2010,0.43
9/28/2010,9/28/2010,0.01
9/29/2010,9/29/2010,0.01
9/30/2010,9/30/2010,0
10/1/2010,10/1/2010,0
10/2/2010,10/2/2010,0
10/3/2010,10/3/2010,0
10/4/2010,10/4/2010,0
10/5/2010,10/5/2010,0
10/6/2010,10/6/2010,0
10/7/2010,10/7/2010,0
10/8/2010,10/8/2010,0
10/9/2010,10/9/2010,0
10/10/2010,10/10/2010,0
10/11/2010,10/11/2010,0
10/12/2010,10/12/2010,0
10/13/2010,10/13/2010,0
10/14/2010,10/14/2010,0
10/15/2010,10/15/2010,0
10/16/2010,10/16/2010,0
10/17/2010,10/17/2010,0
10/18/2010,10/18/2010,0
10/19/2010,10/19/2010,0
10/20/2010,10/20/2010,0
10/21/2010,10/21/2010,0
10/22/2010,10/22/2010,0
10/23/2010,10/23/2010,0
10/24/2010,10/24/2010,0
10/25/2010,10/25/2010,0
10/26/2010,10/26/2010,0
10/27/2010,10/27/2010,0
10/28/2010,10/28/2010,0
10/29/2010,10/29/2010,0
10/30/2010,10/30/2010,0
10/31/2010,10/31/2010,0
11/1/2010,11/1/2010,0
11/2/2010,11/2/2010,0.19
11/3/2010,11/3/2010,0.07
11/4/2010,11/4/2010,0.11
11/5/2010,11/5/2010,0
11/6/2010,11/6/2010,0
11/7/2010,11/7/2010,0
11/8/2010,11/8/2010,0
11/9/2010,11/9/2010,0
11/10/2010,11/10/2010,0
11/11/2010,11/11/2010,0
11/12/2010,11/12/2010,0
11/13/2010,11/13/2010,0
11/14/2010,11/14/2010,0
11/15/2010,11/15/2010,0
11/16/2010,11/16/2010,0.07
11/17/2010,11/17/2010,0
11/18/2010,11/18/2010,0
11/19/2010,11/19/2010,0
11/20/2010,11/20/2010,0
11/21/2010,11/21/2010,0
11/22/2010,11/22/2010,0
11/23/2010,11/23/2010,0
11/24/2010,11/24/2010,0
11/25/2010,11/25/2010,0
11/26/2010,11/26/2010,0.09
11/27/2010,11/27/2010,0
11/28/2010,11/28/2010,0
11/29/2010,11/29/2010,0.02
11/30/2010,11/30/2010,0.01
12/1/2010,12/1/2010,0.02
12/2/2010,12/2/2010,0
12/3/2010,12/3/2010,0
12/4/2010,12/4/2010,0
12/5/2010,12/5/2010,0.02
12/6/2010,12/6/2010,0
12/7/2010,12/7/2010,0
12/8/2010,12/8/2010,0
12/9/2010,12/9/2010,0
12/10/2010,12/10/2010,0
12/11/2010,12/11/2010,0
12/12/2010,12/12/2010,0.13
12/13/2010,12/13/2010,0
12/14/2010,12/14/2010,0
12/15/2010,12/15/2010,0
12/16/2010,12/16/2010,0
12/17/2010,12/17/2010,0
12/18/2010,12/18/2010,0
12/19/2010,12/19/2010,0
12/20/2010,12/20/2010,0
12/21/2010,12/21/2010,0
12/22/2010,12/22/2010,0
12/23/2010,12/23/2010,0
12/24/2010,12/24/2010,0
12/25/2010,12/25/2010,0.51
12/26/2010,12/26/2010,0.01
12/27/2010,12/27/2010,0
12/28/2010,12/28/2010,0
12/29/2010,12/29/2010,0
12/30/2010,12/30/2010,0
12/31/2010,12/31/2010,0
1/1/2011,1/1/2011,0
1/2/2011,1/2/2011,0.2
1/3/2011,1/3/2011,0
1/4/2011,1/4/2011,0
1/5/2011,1/5/2011,0.65
1/6/2011,1/6/2011,0
1/7/2011,1/7/2011,0
1/8/2011,1/8/2011,0
1/9/2011,1/9/2011,0
1/10/2011,1/10/2011,0.19
1/11/2011,1/11/2011,0
1/12/2011,1/12/2011,0
1/13/2011,1/13/2011,0
1/14/2011,1/14/2011,0
1/15/2011,1/15/2011,0
1/16/2011,1/16/2011,0
1/17/2011,1/17/2011,0.64
1/18/2011,1/18/2011,0.01
1/19/2011,1/19/2011,0.04
1/20/2011,1/20/2011,0.11
1/21/2011,1/21/2011,0
1/22/2011,1/22/2011,0
1/23/2011,1/23/2011,0
1/24/2011,1/24/2011,0
1/25/2011,1/25/2011,1.84
1/26/2011,1/26/2011,0
1/27/2011,1/27/2011,0
1/28/2011,1/28/2011,0
1/29/2011,1/29/2011,0
1/30/2011,1/30/2011,0
1/31/2011,1/31/2011,0
2/1/2011,2/1/2011,0
2/2/2011,2/2/2011,0.06
2/3/2011,2/3/2011,1.29
2/4/2011,2/4/2011,0
2/5/2011,2/5/2011,0.03
2/6/2011,2/6/2011,0.09
2/7/2011,2/7/2011,1.64
2/8/2011,2/8/2011,0
2/9/2011,2/9/2011,0
2/10/2011,2/10/2011,0.48
2/11/2011,2/11/2011,0
2/12/2011,2/12/2011,0
2/13/2011,2/13/2011,0
2/14/2011,2/14/2011,0
2/15/2011,2/15/2011,0
2/16/2011,2/16/2011,0
2/17/2011,2/17/2011,0
2/18/2011,2/18/2011,0
2/19/2011,2/19/2011,0
2/20/2011,2/20/2011,0
2/21/2011,2/21/2011,0
2/22/2011,2/22/2011,0
2/23/2011,2/23/2011,0
2/24/2011,2/24/2011,0
2/25/2011,2/25/2011,0
2/26/2011,2/26/2011,0
2/27/2011,2/27/2011,0
2/28/2011,2/28/2011,0
3/1/2011,3/1/2011,0.29
3/2/2011,3/2/2011,0
3/3/2011,3/3/2011,0
3/4/2011,3/4/2011,0
3/5/2011,3/5/2011,0
3/6/2011,3/6/2011,0.13
3/7/2011,3/7/2011,0
3/8/2011,3/8/2011,0
3/9/2011,3/9/2011,0.65
3/10/2011,3/10/2011,0.68
3/11/2011,3/11/2011,0
3/12/2011,3/12/2011,0
3/13/2011,3/13/2011,0
3/14/2011,3/14/2011,0
3/15/2011,3/15/2011,0
3/16/2011,3/16/2011,0
3/17/2011,3/17/2011,0
3/18/2011,3/18/2011,0
3/19/2011,3/19/2011,0
3/20/2011,3/20/2011,0
3/21/2011,3/21/2011,0
3/22/2011,3/22/2011,0
3/23/2011,3/23/2011,0
3/24/2011,3/24/2011,0
3/25/2011,3/25/2011,0
3/26/2011,3/26/2011,0
3/27/2011,3/27/2011,0
3/28/2011,3/28/2011,0.14
3/29/2011,3/29/2011,0
3/30/2011,3/30/2011,0.57
3/31/2011,3/31/2011,0.58
4/1/2011,4/1/2011,0
4/2/2011,4/2/2011,0
4/3/2011,4/3/2011,0
4/4/2011,4/4/2011,0
4/5/2011,4/5/2011,0.64
4/6/2011,4/6/2011,0
4/7/2011,4/7/2011,0
4/8/2011,4/8/2011,0
4/9/2011,4/9/2011,0
4/10/2011,4/10/2011,0
4/11/2011,4/11/2011,0
4/12/2011,4/12/2011,0.05
4/13/2011,4/13/2011,0
4/14/2011,4/14/2011,0
4/15/2011,4/15/2011,0
4/16/2011,4/16/2011,0
4/17/2011,4/17/2011,0
4/18/2011,4/18/2011,0
4/19/2011,4/19/2011,0
4/20/2011,4/20/2011,0
4/21/2011,4/21/2011,0
4/22/2011,4/22/2011,0
4/23/2011,4/23/2011,0
4/24/2011,4/24/2011,0
4/25/2011,4/25/2011,0
4/26/2011,4/26/2011,0
4/27/2011,4/27/2011,0
4/28/2011,4/28/2011,0.48
4/29/2011,4/29/2011,0
4/30/2011,4/30/2011,0
5/1/2011,5/1/2011,0
5/2/2011,5/2/2011,0
5/3/2011,5/3/2011,0
5/4/2011,5/4/2011,0
5/5/2011,5/5/2011,0
5/6/2011,5/6/2011,0.09
5/7/2011,5/7/2011,0
5/8/2011,5/8/2011,0
5/9/2011,5/9/2011,0
5/10/2011,5/10/2011,0
5/11/2011,5/11/2011,0
5/12/2011,5/12/2011,0
5/13/2011,5/13/2011,0
5/14/2011,5/14/2011,2.52
5/15/2011,5/15/2011,0.02
5/16/2011,5/16/2011,0
5/17/2011,5/17/2011,0
5/18/2011,5/18/2011,0
5/19/2011,5/19/2011,0
5/20/2011,5/20/2011,0
5/21/2011,5/21/2011,0
5/22/2011,5/22/2011,0
5/23/2011,5/23/2011,0
5/24/2011,5/24/2011,0
5/25/2011,5/25/2011,0
5/26/2011,5/26/2011,0
5/27/2011,5/27/2011,0
5/28/2011,5/28/2011,0
5/29/2011,5/29/2011,0
5/30/2011,5/30/2011,0
5/31/2011,5/31/2011,0
6/1/2011,6/1/2011,0
6/2/2011,6/2/2011,0
6/3/2011,6/3/2011,0
6/4/2011,6/4/2011,0
6/5/2011,6/5/2011,0
6/6/2011,6/6/2011,0.14
6/7/2011,6/7/2011,0
6/8/2011,6/8/2011,0
6/9/2011,6/9/2011,0
6/10/2011,6/10/2011,0
6/11/2011,6/11/2011,0
6/12/2011,6/12/2011,0
6/13/2011,6/13/2011,0.05
6/14/2011,6/14/2011,0
6/15/2011,6/15/2011,0.17
6/16/2011,6/16/2011,0.03
6/17/2011,6/17/2011,0.23
6/18/2011,6/18/2011,0
6/19/2011,6/19/2011,0
6/20/2011,6/20/2011,0
6/21/2011,6/21/2011,0.01
6/22/2011,6/22/2011,0
6/23/2011,6/23/2011,1.35
6/24/2011,6/24/2011,0
6/25/2011,6/25/2011,0
6/26/2011,6/26/2011,0
6/27/2011,6/27/2011,2.99
6/28/2011,6/28/2011,0.17
6/29/2011,6/29/2011,0.18
6/30/2011,6/30/2011,0.47
7/1/2011,7/1/2011,0
7/2/2011,7/2/2011,0
7/3/2011,7/3/2011,0
7/4/2011,7/4/2011,0
7/5/2011,7/5/2011,0
7/6/2011,7/6/2011,0
7/7/2011,7/7/2011,0.36
7/8/2011,7/8/2011,0.28
7/9/2011,7/9/2011,0.81
7/10/2011,7/10/2011,0.29
7/11/2011,7/11/2011,0.24
7/12/2011,7/12/2011,0
7/13/2011,7/13/2011,0.01
7/14/2011,7/14/2011,0.06
7/15/2011,7/15/2011,0.15
7/16/2011,7/16/2011,0
7/17/2011,7/17/2011,0
7/18/2011,7/18/2011,0
7/19/2011,7/19/2011,0
7/20/2011,7/20/2011,0
7/21/2011,7/21/2011,0.17
7/22/2011,7/22/2011,0.56
7/23/2011,7/23/2011,0
7/24/2011,7/24/2011,0.08
7/25/2011,7/25/2011,0.15
7/26/2011,7/26/2011,0.23
7/27/2011,7/27/2011,0
7/28/2011,7/28/2011,0
7/29/2011,7/29/2011,0
7/30/2011,7/30/2011,0
7/31/2011,7/31/2011,0.11
8/1/2011,8/1/2011,0.15
8/2/2011,8/2/2011,2.01
8/3/2011,8/3/2011,0
8/4/2011,8/4/2011,0
8/5/2011,8/5/2011,0
8/6/2011,8/6/2011,0.01
8/7/2011,8/7/2011,0.15
8/8/2011,8/8/2011,0.2
8/9/2011,8/9/2011,0.39
8/10/2011,8/10/2011,0
8/11/2011,8/11/2011,0
8/12/2011,8/12/2011,0.11
8/13/2011,8/13/2011,0
8/14/2011,8/14/2011,0
8/15/2011,8/15/2011,0
8/16/2011,8/16/2011,0
8/17/2011,8/17/2011,0
8/18/2011,8/18/2011,0
8/19/2011,8/19/2011,0
8/20/2011,8/20/2011,0.01
8/21/2011,8/21/2011,0.06
8/22/2011,8/22/2011,0.02
8/23/2011,8/23/2011,0.04
8/24/2011,8/24/2011,0
8/25/2011,8/25/2011,0.03
8/26/2011,8/26/2011,0
8/27/2011,8/27/2011,0
8/28/2011,8/28/2011,0
8/29/2011,8/29/2011,0
8/30/2011,8/30/2011,0
8/31/2011,8/31/2011,0.12
9/1/2011,9/1/2011,0
9/2/2011,9/2/2011,0
9/3/2011,9/3/2011,0
9/4/2011,9/4/2011,0
9/5/2011,9/5/2011,0.23
9/6/2011,9/6/2011,0.88
9/7/2011,9/7/2011,0
9/8/2011,9/8/2011,0
9/9/2011,9/9/2011,0
9/10/2011,9/10/2011,0
9/11/2011,9/11/2011,0
9/12/2011,9/12/2011,0
9/13/2011,9/13/2011,0
9/14/2011,9/14/2011,0
9/15/2011,9/15/2011,0
9/16/2011,9/16/2011,0
9/17/2011,9/17/2011,0
9/18/2011,9/18/2011,0
9/19/2011,9/19/2011,0.01
9/20/2011,9/20/2011,0.07
9/21/2011,9/21/2011,0.13
9/22/2011,9/22/2011,0.15
9/23/2011,9/23/2011,0.37
9/24/2011,9/24/2011,0
9/25/2011,9/25/2011,0.02
9/26/2011,9/26/2011,0
9/27/2011,9/27/2011,0
9/28/2011,9/28/2011,0
9/29/2011,9/29/2011,0
9/30/2011,9/30/2011,0
10/1/2011,10/1/2011,0
10/2/2011,10/2/2011,0
10/3/2011,10/3/2011,0
10/4/2011,10/4/2011,0
10/5/2011,10/5/2011,0
10/6/2011,10/6/2011,0.12
10/7/2011,10/7/2011,0
10/8/2011,10/8/2011,0.28
10/9/2011,10/9/2011,0.37
10/10/2011,10/10/2011,1.31
10/11/2011,10/11/2011,0
10/12/2011,10/12/2011,0
10/13/2011,10/13/2011,0
10/14/2011,10/14/2011,0
10/15/2011,10/15/2011,0
10/16/2011,10/16/2011,0
10/17/2011,10/17/2011,0
10/18/2011,10/18/2011,0.04
10/19/2011,10/19/2011,0.01
10/20/2011,10/20/2011,0
10/21/2011,10/21/2011,0
10/22/2011,10/22/2011,0
10/23/2011,10/23/2011,0
10/24/2011,10/24/2011,0
10/25/2011,10/25/2011,0
10/26/2011,10/26/2011,0
10/27/2011,10/27/2011,0
10/28/2011,10/28/2011,0
10/29/2011,10/29/2011,0.37
10/30/2011,10/30/2011,0
10/31/2011,10/31/2011,0.23
11/1/2011,11/1/2011,0
11/2/2011,11/2/2011,0
11/3/2011,11/3/2011,0
11/4/2011,11/4/2011,0.03
11/5/2011,11/5/2011,0
11/6/2011,11/6/2011,0
11/7/2011,11/7/2011,0
11/8/2011,11/8/2011,0
11/9/2011,11/9/2011,0
11/10/2011,11/10/2011,0
11/11/2011,11/11/2011,0
11/12/2011,11/12/2011,0
11/13/2011,11/13/2011,0
11/14/2011,11/14/2011,0
11/15/2011,11/15/2011,0
11/16/2011,11/16/2011,0
11/17/2011,11/17/2011,0.94
11/18/2011,11/18/2011,0
11/19/2011,11/19/2011,0
11/20/2011,11/20/2011,0
11/21/2011,11/21/2011,0
11/22/2011,11/22/2011,0.02
11/23/2011,11/23/2011,0.48
11/24/2011,11/24/2011,0
11/25/2011,11/25/2011,0
11/26/2011,11/26/2011,0
11/27/2011,11/27/2011,0
11/28/2011,11/28/2011,0.15
11/29/2011,11/29/2011,0
11/30/2011,11/30/2011,0
12/1/2011,12/1/2011,0
12/2/2011,12/2/2011,0
12/3/2011,12/3/2011,0
12/4/2011,12/4/2011,0
12/5/2011,12/5/2011,0
12/6/2011,12/6/2011,0
12/7/2011,12/7/2011,0.06
12/8/2011,12/8/2011,0
12/9/2011,12/9/2011,0
12/10/2011,12/10/2011,0.04
12/11/2011,12/11/2011,0
12/12/2011,12/12/2011,0.26
12/13/2011,12/13/2011,0
12/14/2011,12/14/2011,0
12/15/2011,12/15/2011,0
12/16/2011,12/16/2011,0
12/17/2011,12/17/2011,0
12/18/2011,12/18/2011,0
12/19/2011,12/19/2011,0
12/20/2011,12/20/2011,0
12/21/2011,12/21/2011,0
12/22/2011,12/22/2011,0
12/23/2011,12/23/2011,0
12/24/2011,12/24/2011,0
12/25/2011,12/25/2011,0
12/26/2011,12/26/2011,0
12/27/2011,12/27/2011,0.13
12/28/2011,12/28/2011,0
12/29/2011,12/29/2011,0
12/30/2011,12/30/2011,0
12/31/2011,12/31/2011,0
1/1/2012,1/1/2012,0
1/2/2012,1/2/2012,0.06
1/3/2012,1/3/2012,0
1/4/2012,1/4/2012,0
1/5/2012,1/5/2012,0
1/6/2012,1/6/2012,0
1/7/2012,1/7/2012,0
1/8/2012,1/8/2012,0
1/9/2012,1/9/2012,0
1/10/2012,1/10/2012,0
1/11/2012,1/11/2012,0.02
1/12/2012,1/12/2012,0
1/13/2012,1/13/2012,0
1/14/2012,1/14/2012,0
1/15/2012,1/15/2012,0
1/16/2012,1/16/2012,0
1/17/2012,1/17/2012,0
1/18/2012,1/18/2012,0.56
1/19/2012,1/19/2012,0
1/20/2012,1/20/2012,0
1/21/2012,1/21/2012,0
1/22/2012,1/22/2012,0
1/23/2012,1/23/2012,0
1/24/2012,1/24/2012,0
1/25/2012,1/25/2012,0
1/26/2012,1/26/2012,0
1/27/2012,1/27/2012,0.21
1/28/2012,1/28/2012,0
1/29/2012,1/29/2012,0
1/30/2012,1/30/2012,0
1/31/2012,1/31/2012,0
2/1/2012,2/1/2012,0
2/2/2012,2/2/2012,0
2/3/2012,2/3/2012,0
2/4/2012,2/4/2012,0
2/5/2012,2/5/2012,0
2/6/2012,2/6/2012,0.01
2/7/2012,2/7/2012,0
2/8/2012,2/8/2012,0
2/9/2012,2/9/2012,0
2/10/2012,2/10/2012,0.04
2/11/2012,2/11/2012,0.04
2/12/2012,2/12/2012,0
2/13/2012,2/13/2012,0
2/14/2012,2/14/2012,0
2/15/2012,2/15/2012,0.01
2/16/2012,2/16/2012,0
2/17/2012,2/17/2012,0
2/18/2012,2/18/2012,0
2/19/2012,2/19/2012,0
2/20/2012,2/20/2012,0
2/21/2012,2/21/2012,0
2/22/2012,2/22/2012,0.21
2/23/2012,2/23/2012,0
2/24/2012,2/24/2012,0.02
2/25/2012,2/25/2012,0
2/26/2012,2/26/2012,0.25
2/27/2012,2/27/2012,0.48
2/28/2012,2/28/2012,0
2/29/2012,2/29/2012,0
3/1/2012,3/1/2012,0
3/2/2012,3/2/2012,0
3/3/2012,3/3/2012,0
3/4/2012,3/4/2012,0.45
3/5/2012,3/5/2012,0
3/6/2012,3/6/2012,0
3/7/2012,3/7/2012,0
3/8/2012,3/8/2012,0
3/9/2012,3/9/2012,0
3/10/2012,3/10/2012,0
3/11/2012,3/11/2012,0.01
3/12/2012,3/12/2012,0
3/13/2012,3/13/2012,0
3/14/2012,3/14/2012,0.25
3/15/2012,3/15/2012,0
3/16/2012,3/16/2012,0
3/17/2012,3/17/2012,0.55
3/18/2012,3/18/2012,0
3/19/2012,3/19/2012,0
3/20/2012,3/20/2012,0
3/21/2012,3/21/2012,0
3/22/2012,3/22/2012,0
3/23/2012,3/23/2012,0.02
3/24/2012,3/24/2012,0.09
3/25/2012,3/25/2012,0
3/26/2012,3/26/2012,0
3/27/2012,3/27/2012,0
3/28/2012,3/28/2012,0
3/29/2012,3/29/2012,0
3/30/2012,3/30/2012,0
3/31/2012,3/31/2012,1.97
4/1/2012,4/1/2012,0
4/2/2012,4/2/2012,0
4/3/2012,4/3/2012,0
4/4/2012,4/4/2012,0
4/5/2012,4/5/2012,0
4/6/2012,4/6/2012,0
4/7/2012,4/7/2012,0
4/8/2012,4/8/2012,0
4/9/2012,4/9/2012,0
4/10/2012,4/10/2012,0
4/11/2012,4/11/2012,0
4/12/2012,4/12/2012,0
4/13/2012,4/13/2012,0
4/14/2012,4/14/2012,0
4/15/2012,4/15/2012,0
4/16/2012,4/16/2012,0
4/17/2012,4/17/2012,0
4/18/2012,4/18/2012,0.02
4/19/2012,4/19/2012,0.03
4/20/2012,4/20/2012,0
4/21/2012,4/21/2012,0.05
4/22/2012,4/22/2012,0.81
4/23/2012,4/23/2012,0
4/24/2012,4/24/2012,0
4/25/2012,4/25/2012,0
4/26/2012,4/26/2012,0
4/27/2012,4/27/2012,0
4/28/2012,4/28/2012,0
4/29/2012,4/29/2012,0
4/30/2012,4/30/2012,0
5/1/2012,5/1/2012,0
5/2/2012,5/2/2012,0
5/3/2012,5/3/2012,0
5/4/2012,5/4/2012,0
5/5/2012,5/5/2012,0
5/6/2012,5/6/2012,0
5/7/2012,5/7/2012,0.17
5/8/2012,5/8/2012,0
5/9/2012,5/9/2012,0.05
5/10/2012,5/10/2012,0
5/11/2012,5/11/2012,0
5/12/2012,5/12/2012,0
5/13/2012,5/13/2012,0
5/14/2012,5/14/2012,0
5/15/2012,5/15/2012,0.63
5/16/2012,5/16/2012,0.11
5/17/2012,5/17/2012,0.77
5/18/2012,5/18/2012,0.01
5/19/2012,5/19/2012,0
5/20/2012,5/20/2012,0
5/21/2012,5/21/2012,0
5/22/2012,5/22/2012,0
5/23/2012,5/23/2012,0
5/24/2012,5/24/2012,0
5/25/2012,5/25/2012,0
5/26/2012,5/26/2012,0
5/27/2012,5/27/2012,0.12
5/28/2012,5/28/2012,3.25
5/29/2012,5/29/2012,1.66
5/30/2012,5/30/2012,0.06
5/31/2012,5/31/2012,0.09
6/1/2012,6/1/2012,0.01
6/2/2012,6/2/2012,0
6/3/2012,6/3/2012,0
6/4/2012,6/4/2012,0
6/5/2012,6/5/2012,0.1
6/6/2012,6/6/2012,0
6/7/2012,6/7/2012,0.52
6/8/2012,6/8/2012,0.17
6/9/2012,6/9/2012,0.75
6/10/2012,6/10/2012,0.1
6/11/2012,6/11/2012,0
6/12/2012,6/12/2012,0.02
6/13/2012,6/13/2012,0.27
6/14/2012,6/14/2012,2.03
6/15/2012,6/15/2012,0
6/16/2012,6/16/2012,0
6/17/2012,6/17/2012,0
6/18/2012,6/18/2012,0
6/19/2012,6/19/2012,0
6/20/2012,6/20/2012,0
6/21/2012,6/21/2012,0.01
6/22/2012,6/22/2012,0.35
6/23/2012,6/23/2012,0
6/24/2012,6/24/2012,6.95
6/25/2012,6/25/2012,3.47
6/26/2012,6/26/2012,1.6
6/27/2012,6/27/2012,0
6/28/2012,6/28/2012,0
6/29/2012,6/29/2012,0
6/30/2012,6/30/2012,0
7/1/2012,7/1/2012,0
7/2/2012,7/2/2012,0
7/3/2012,7/3/2012,0
7/4/2012,7/4/2012,0
7/5/2012,7/5/2012,0.02
7/6/2012,7/6/2012,0.12
7/7/2012,7/7/2012,0
7/8/2012,7/8/2012,0.43
7/9/2012,7/9/2012,0
7/10/2012,7/10/2012,0.01
7/11/2012,7/11/2012,0
7/12/2012,7/12/2012,0.57
7/13/2012,7/13/2012,0.14
7/14/2012,7/14/2012,0
7/15/2012,7/15/2012,0
7/16/2012,7/16/2012,0.57
7/17/2012,7/17/2012,0
7/18/2012,7/18/2012,0
7/19/2012,7/19/2012,0.19
7/20/2012,7/20/2012,0
7/21/2012,7/21/2012,0
7/22/2012,7/22/2012,0
7/23/2012,7/23/2012,0
7/24/2012,7/24/2012,0.06
7/25/2012,7/25/2012,0.01
7/26/2012,7/26/2012,0
7/27/2012,7/27/2012,0
7/28/2012,7/28/2012,0
7/29/2012,7/29/2012,0.02
7/30/2012,7/30/2012,0.58
7/31/2012,7/31/2012,0.02
8/1/2012,8/1/2012,0.42
8/2/2012,8/2/2012,0
8/3/2012,8/3/2012,0
8/4/2012,8/4/2012,0.58
8/5/2012,8/5/2012,1.06
8/6/2012,8/6/2012,0.17
8/7/2012,8/7/2012,0.11
8/8/2012,8/8/2012,0
8/9/2012,8/9/2012,0
8/10/2012,8/10/2012,0
8/11/2012,8/11/2012,0
8/12/2012,8/12/2012,0
8/13/2012,8/13/2012,0
8/14/2012,8/14/2012,0.18
8/15/2012,8/15/2012,0
8/16/2012,8/16/2012,0.2
8/17/2012,8/17/2012,0.46
8/18/2012,8/18/2012,0.14
8/19/2012,8/19/2012,1.5
8/20/2012,8/20/2012,1.99
8/21/2012,8/21/2012,1.6
8/22/2012,8/22/2012,0
8/23/2012,8/23/2012,0.01
8/24/2012,8/24/2012,0
8/25/2012,8/25/2012,0
8/26/2012,8/26/2012,0.19
8/27/2012,8/27/2012,0.67
8/28/2012,8/28/2012,0.5
8/29/2012,8/29/2012,0.1
8/30/2012,8/30/2012,0.07
8/31/2012,8/31/2012,0
9/1/2012,9/1/2012,0
9/2/2012,9/2/2012,0.29
9/3/2012,9/3/2012,0
9/4/2012,9/4/2012,0.01
9/5/2012,9/5/2012,0
9/6/2012,9/6/2012,0
9/7/2012,9/7/2012,1.76
9/8/2012,9/8/2012,0.21
9/9/2012,9/9/2012,0.8
9/10/2012,9/10/2012,0
9/11/2012,9/11/2012,0
9/12/2012,9/12/2012,0.02
9/13/2012,9/13/2012,0
9/14/2012,9/14/2012,0
9/15/2012,9/15/2012,0
9/16/2012,9/16/2012,0.01
9/17/2012,9/17/2012,0
9/18/2012,9/18/2012,1.53
9/19/2012,9/19/2012,0
9/20/2012,9/20/2012,1.63
9/21/2012,9/21/2012,0
9/22/2012,9/22/2012,0
9/23/2012,9/23/2012,0
9/24/2012,9/24/2012,0
9/25/2012,9/25/2012,0
9/26/2012,9/26/2012,0
9/27/2012,9/27/2012,0
9/28/2012,9/28/2012,0
9/29/2012,9/29/2012,0
9/30/2012,9/30/2012,0
10/1/2012,10/1/2012,0.51
10/2/2012,10/2/2012,0.06
10/3/2012,10/3/2012,0.22
10/4/2012,10/4/2012,0
10/5/2012,10/5/2012,0.06
10/6/2012,10/6/2012,0
10/7/2012,10/7/2012,0
10/8/2012,10/8/2012,0.01
10/9/2012,10/9/2012,0
10/10/2012,10/10/2012,0
10/11/2012,10/11/2012,0
10/12/2012,10/12/2012,0
10/13/2012,10/13/2012,0
10/14/2012,10/14/2012,0
10/15/2012,10/15/2012,0
10/16/2012,10/16/2012,0
10/17/2012,10/17/2012,0
10/18/2012,10/18/2012,0
10/19/2012,10/19/2012,0.01
10/20/2012,10/20/2012,0
10/21/2012,10/21/2012,0
10/22/2012,10/22/2012,0
10/23/2012,10/23/2012,0
10/24/2012,10/24/2012,0
10/25/2012,10/25/2012,0.02
10/26/2012,10/26/2012,0
10/27/2012,10/27/2012,0
10/28/2012,10/28/2012,0
10/29/2012,10/29/2012,0
10/30/2012,10/30/2012,0
10/31/2012,10/31/2012,0
11/1/2012,11/1/2012,0
11/2/2012,11/2/2012,0
11/3/2012,11/3/2012,0
11/4/2012,11/4/2012,0
11/5/2012,11/5/2012,0
11/6/2012,11/6/2012,0.04
11/7/2012,11/7/2012,0
11/8/2012,11/8/2012,0
11/9/2012,11/9/2012,0
11/10/2012,11/10/2012,0
11/11/2012,11/11/2012,0
11/12/2012,11/12/2012,0
11/13/2012,11/13/2012,0.01
11/14/2012,11/14/2012,0
11/15/2012,11/15/2012,0
11/16/2012,11/16/2012,0
11/17/2012,11/17/2012,0
11/18/2012,11/18/2012,0
11/19/2012,11/19/2012,0
11/20/2012,11/20/2012,0
11/21/2012,11/21/2012,0
11/22/2012,11/22/2012,0
11/23/2012,11/23/2012,0
11/24/2012,11/24/2012,0
11/25/2012,11/25/2012,0
11/26/2012,11/26/2012,0
11/27/2012,11/27/2012,0
11/28/2012,11/28/2012,0
11/29/2012,11/29/2012,0
11/30/2012,11/30/2012,0
12/1/2012,12/1/2012,0
12/2/2012,12/2/2012,0
12/3/2012,12/3/2012,0
12/4/2012,12/4/2012,0
12/5/2012,12/5/2012,0
12/6/2012,12/6/2012,0
12/7/2012,12/7/2012,0
12/8/2012,12/8/2012,0
12/9/2012,12/9/2012,0
12/10/2012,12/10/2012,3.56
12/11/2012,12/11/2012,0
12/12/2012,12/12/2012,0.98
12/13/2012,12/13/2012,0
12/14/2012,12/14/2012,0
12/15/2012,12/15/2012,0
12/16/2012,12/16/2012,0
12/17/2012,12/17/2012,0
12/18/2012,12/18/2012,0
12/19/2012,12/19/2012,0
12/20/2012,12/20/2012,0.55
12/21/2012,12/21/2012,0
12/22/2012,12/22/2012,0
12/23/2012,12/23/2012,0
12/24/2012,12/24/2012,0
12/25/2012,12/25/2012,0
12/26/2012,12/26/2012,0.8
12/27/2012,12/27/2012,0
12/28/2012,12/28/2012,0
12/29/2012,12/29/2012,1.04
12/30/2012,12/30/2012,0
12/31/2012,12/31/2012,0
1/1/2013,1/1/2013,0
1/2/2013,1/2/2013,0
1/3/2013,1/3/2013,0.15
1/4/2013,1/4/2013,0
1/5/2013,1/5/2013,0
1/6/2013,1/6/2013,0.04
1/7/2013,1/7/2013,0
1/8/2013,1/8/2013,0
1/9/2013,1/9/2013,0
1/10/2013,1/10/2013,0
1/11/2013,1/11/2013,0
1/12/2013,1/12/2013,0
1/13/2013,1/13/2013,0
1/14/2013,1/14/2013,0
1/15/2013,1/15/2013,0
1/16/2013,1/16/2013,0
1/17/2013,1/17/2013,0.01
1/18/2013,1/18/2013,0
1/19/2013,1/19/2013,0
1/20/2013,1/20/2013,0
1/21/2013,1/21/2013,0
1/22/2013,1/22/2013,0
1/23/2013,1/23/2013,0
1/24/2013,1/24/2013,0
1/25/2013,1/25/2013,0
1/26/2013,1/26/2013,0
1/27/2013,1/27/2013,0
1/28/2013,1/28/2013,0
1/29/2013,1/29/2013,0
1/30/2013,1/30/2013,0.13
1/31/2013,1/31/2013,0
2/1/2013,2/1/2013,0
2/2/2013,2/2/2013,0
2/3/2013,2/3/2013,0
2/4/2013,2/4/2013,0
2/5/2013,2/5/2013,0
2/6/2013,2/6/2013,0.02
2/7/2013,2/7/2013,0.27
2/8/2013,2/8/2013,0
2/9/2013,2/9/2013,0
2/10/2013,2/10/2013,0
2/11/2013,2/11/2013,0
2/12/2013,2/12/2013,0
2/13/2013,2/13/2013,0.04
2/14/2013,2/14/2013,0.09
2/15/2013,2/15/2013,0
2/16/2013,2/16/2013,0
2/17/2013,2/17/2013,0
2/18/2013,2/18/2013,0
2/19/2013,2/19/2013,0
2/20/2013,2/20/2013,0
2/21/2013,2/21/2013,0
2/22/2013,2/22/2013,0
2/23/2013,2/23/2013,0.14
2/24/2013,2/24/2013,0.01
2/25/2013,2/25/2013,0.54
2/26/2013,2/26/2013,0.53
2/27/2013,2/27/2013,0
2/28/2013,2/28/2013,0
3/1/2013,3/1/2013,0
3/2/2013,3/2/2013,0
3/3/2013,3/3/2013,0
3/4/2013,3/4/2013,0
3/5/2013,3/5/2013,0
3/6/2013,3/6/2013,0.02
3/7/2013,3/7/2013,0
3/8/2013,3/8/2013,0
3/9/2013,3/9/2013,0
3/10/2013,3/10/2013,0
3/11/2013,3/11/2013,0
3/12/2013,3/12/2013,0.3
3/13/2013,3/13/2013,0
3/14/2013,3/14/2013,0
3/15/2013,3/15/2013,0
3/16/2013,3/16/2013,0
3/17/2013,3/17/2013,0.06
3/18/2013,3/18/2013,0.02
3/19/2013,3/19/2013,0.06
3/20/2013,3/20/2013,0.11
3/21/2013,3/21/2013,0
3/22/2013,3/22/2013,0
3/23/2013,3/23/2013,0.11
3/24/2013,3/24/2013,0.3
3/25/2013,3/25/2013,0
3/26/2013,3/26/2013,0
3/27/2013,3/27/2013,0
3/28/2013,3/28/2013,0
3/29/2013,3/29/2013,0
3/30/2013,3/30/2013,0
3/31/2013,3/31/2013,0
4/1/2013,4/1/2013,0
4/2/2013,4/2/2013,0
4/3/2013,4/3/2013,0.53
4/4/2013,4/4/2013,0.04
4/5/2013,4/5/2013,0.02
4/6/2013,4/6/2013,0
4/7/2013,4/7/2013,0
4/8/2013,4/8/2013,0
4/9/2013,4/9/2013,0
4/10/2013,4/10/2013,0
4/11/2013,4/11/2013,0.15
4/12/2013,4/12/2013,0
4/13/2013,4/13/2013,0
4/14/2013,4/14/2013,1.73
4/15/2013,4/15/2013,0
4/16/2013,4/16/2013,0
4/17/2013,4/17/2013,0
4/18/2013,4/18/2013,0
4/19/2013,4/19/2013,0.06
4/20/2013,4/20/2013,0.34
4/21/2013,4/21/2013,0.24
4/22/2013,4/22/2013,0
4/23/2013,4/23/2013,0
4/24/2013,4/24/2013,0
4/25/2013,4/25/2013,0
4/26/2013,4/26/2013,0
4/27/2013,4/27/2013,0
4/28/2013,4/28/2013,0
4/29/2013,4/29/2013,0.37
4/30/2013,4/30/2013,0
5/1/2013,5/1/2013,0
5/2/2013,5/2/2013,1.52
5/3/2013,5/3/2013,1.79
5/4/2013,5/4/2013,0.15
5/5/2013,5/5/2013,0
5/6/2013,5/6/2013,0
5/7/2013,5/7/2013,0
5/8/2013,5/8/2013,0
5/9/2013,5/9/2013,0
5/10/2013,5/10/2013,0
5/11/2013,5/11/2013,0.17
5/12/2013,5/12/2013,0
5/13/2013,5/13/2013,0
5/14/2013,5/14/2013,0
5/15/2013,5/15/2013,0
5/16/2013,5/16/2013,0
5/17/2013,5/17/2013,0
5/18/2013,5/18/2013,0.2
5/19/2013,5/19/2013,0
5/20/2013,5/20/2013,0.69
5/21/2013,5/21/2013,0.02
5/22/2013,5/22/2013,0.02
5/23/2013,5/23/2013,0
5/24/2013,5/24/2013,0
5/25/2013,5/25/2013,0
5/26/2013,5/26/2013,0
5/27/2013,5/27/2013,0
5/28/2013,5/28/2013,0
5/29/2013,5/29/2013,0
5/30/2013,5/30/2013,0
5/31/2013,5/31/2013,0.01
6/1/2013,6/1/2013,0
6/2/2013,6/2/2013,1.56
6/3/2013,6/3/2013,0.6
6/4/2013,6/4/2013,0.22
6/5/2013,6/5/2013,0.1
6/6/2013,6/6/2013,1.56
6/7/2013,6/7/2013,0.02
6/8/2013,6/8/2013,0.02
6/9/2013,6/9/2013,0.21
6/10/2013,6/10/2013,0.12
6/11/2013,6/11/2013,0
6/12/2013,6/12/2013,0
6/13/2013,6/13/2013,0
6/14/2013,6/14/2013,0.38
6/15/2013,6/15/2013,0
6/16/2013,6/16/2013,0.6
6/17/2013,6/17/2013,0
6/18/2013,6/18/2013,0
6/19/2013,6/19/2013,0
6/20/2013,6/20/2013,0
6/21/2013,6/21/2013,0.11
6/22/2013,6/22/2013,0
6/23/2013,6/23/2013,0
6/24/2013,6/24/2013,0
6/25/2013,6/25/2013,0
6/26/2013,6/26/2013,0.24
6/27/2013,6/27/2013,0.06
6/28/2013,6/28/2013,0
6/29/2013,6/29/2013,0.18
6/30/2013,6/30/2013,0.28
7/1/2013,7/1/2013,1.36
7/2/2013,7/2/2013,0.86
7/3/2013,7/3/2013,0.21
7/4/2013,7/4/2013,0.23
7/5/2013,7/5/2013,0.44
7/6/2013,7/6/2013,0
7/7/2013,7/7/2013,0
7/8/2013,7/8/2013,0
7/9/2013,7/9/2013,0
7/10/2013,7/10/2013,1.4
7/11/2013,7/11/2013,1.09
7/12/2013,7/12/2013,1.25
7/13/2013,7/13/2013,1.14
7/14/2013,7/14/2013,0
7/15/2013,7/15/2013,0.12
7/16/2013,7/16/2013,0
7/17/2013,7/17/2013,0
7/18/2013,7/18/2013,0
7/19/2013,7/19/2013,1.75
7/20/2013,7/20/2013,0.1
7/21/2013,7/21/2013,0.26
7/22/2013,7/22/2013,0.61
7/23/2013,7/23/2013,1.88
7/24/2013,7/24/2013,0.41
7/25/2013,7/25/2013,0
7/26/2013,7/26/2013,0
7/27/2013,7/27/2013,0
7/28/2013,7/28/2013,0
7/29/2013,7/29/2013,0
7/30/2013,7/30/2013,0
7/31/2013,7/31/2013,3.55
8/1/2013,8/1/2013,0.46
8/2/2013,8/2/2013,0
8/3/2013,8/3/2013,0.15
8/4/2013,8/4/2013,0
8/5/2013,8/5/2013,0
8/6/2013,8/6/2013,0.24
8/7/2013,8/7/2013,0
8/8/2013,8/8/2013,0
8/9/2013,8/9/2013,0.33
8/10/2013,8/10/2013,0
8/11/2013,8/11/2013,0
8/12/2013,8/12/2013,0.17
8/13/2013,8/13/2013,0
8/14/2013,8/14/2013,0.01
8/15/2013,8/15/2013,0
8/16/2013,8/16/2013,0.55
8/17/2013,8/17/2013,0.28
8/18/2013,8/18/2013,0.1
8/19/2013,8/19/2013,0
8/20/2013,8/20/2013,0
8/21/2013,8/21/2013,0
8/22/2013,8/22/2013,0.14
8/23/2013,8/23/2013,0.34
8/24/2013,8/24/2013,0
8/25/2013,8/25/2013,0.02
8/26/2013,8/26/2013,0
8/27/2013,8/27/2013,0
8/28/2013,8/28/2013,0
8/29/2013,8/29/2013,0
8/30/2013,8/30/2013,0
8/31/2013,8/31/2013,0.01
9/1/2013,9/1/2013,0
9/2/2013,9/2/2013,0.06
9/3/2013,9/3/2013,0.22
9/4/2013,9/4/2013,0.05
9/5/2013,9/5/2013,0
9/6/2013,9/6/2013,0.21
9/7/2013,9/7/2013,0
9/8/2013,9/8/2013,0
9/9/2013,9/9/2013,0
9/10/2013,9/10/2013,0
9/11/2013,9/11/2013,0
9/12/2013,9/12/2013,0
9/13/2013,9/13/2013,0
9/14/2013,9/14/2013,0
9/15/2013,9/15/2013,0.17
9/16/2013,9/16/2013,0
9/17/2013,9/17/2013,0
9/18/2013,9/18/2013,0
9/19/2013,9/19/2013,0.01
9/20/2013,9/20/2013,0
9/21/2013,9/21/2013,0
9/22/2013,9/22/2013,0.41
9/23/2013,9/23/2013,0.36
9/24/2013,9/24/2013,1.54
9/25/2013,9/25/2013,0.03
9/26/2013,9/26/2013,0
9/27/2013,9/27/2013,0
9/28/2013,9/28/2013,0.14
9/29/2013,9/29/2013,0
9/30/2013,9/30/2013,0
10/1/2013,10/1/2013,0.02
10/2/2013,10/2/2013,0
10/3/2013,10/3/2013,0
10/4/2013,10/4/2013,0
10/5/2013,10/5/2013,0
10/6/2013,10/6/2013,0
10/7/2013,10/7/2013,0
10/8/2013,10/8/2013,0
10/9/2013,10/9/2013,0
10/10/2013,10/10/2013,0
10/11/2013,10/11/2013,0
10/12/2013,10/12/2013,0
10/13/2013,10/13/2013,0
10/14/2013,10/14/2013,0
10/15/2013,10/15/2013,0.03
10/16/2013,10/16/2013,0
10/17/2013,10/17/2013,0
10/18/2013,10/18/2013,0
10/19/2013,10/19/2013,0
10/20/2013,10/20/2013,0
10/21/2013,10/21/2013,0
10/22/2013,10/22/2013,0.03
10/23/2013,10/23/2013,0
10/24/2013,10/24/2013,0
10/25/2013,10/25/2013,0
10/26/2013,10/26/2013,0
10/27/2013,10/27/2013,0
10/28/2013,10/28/2013,0
10/29/2013,10/29/2013,0
10/30/2013,10/30/2013,0
10/31/2013,10/31/2013,0
11/1/2013,11/1/2013,0
11/2/2013,11/2/2013,1.26
11/3/2013,11/3/2013,0
11/4/2013,11/4/2013,0
11/5/2013,11/5/2013,0
11/6/2013,11/6/2013,0.02
11/7/2013,11/7/2013,0
11/8/2013,11/8/2013,0
11/9/2013,11/9/2013,0
11/10/2013,11/10/2013,0
11/11/2013,11/11/2013,0
11/12/2013,11/12/2013,0
11/13/2013,11/13/2013,0
11/14/2013,11/14/2013,0
11/15/2013,11/15/2013,0.11
11/16/2013,11/16/2013,0
11/17/2013,11/17/2013,0.16
11/18/2013,11/18/2013,0
11/19/2013,11/19/2013,0
11/20/2013,11/20/2013,0
11/21/2013,11/21/2013,0
11/22/2013,11/22/2013,0
11/23/2013,11/23/2013,0
11/24/2013,11/24/2013,0
11/25/2013,11/25/2013,0
11/26/2013,11/26/2013,1.71
11/27/2013,11/27/2013,0.05
11/28/2013,11/28/2013,0
11/29/2013,11/29/2013,0
11/30/2013,11/30/2013,0
12/1/2013,12/1/2013,0
12/2/2013,12/2/2013,0
12/3/2013,12/3/2013,0
12/4/2013,12/4/2013,0
12/5/2013,12/5/2013,0
12/6/2013,12/6/2013,0
12/7/2013,12/7/2013,0
12/8/2013,12/8/2013,0
12/9/2013,12/9/2013,0
12/10/2013,12/10/2013,0.29
12/11/2013,12/11/2013,0
12/12/2013,12/12/2013,0
12/13/2013,12/13/2013,0
12/14/2013,12/14/2013,1.39
12/15/2013,12/15/2013,0.77
12/16/2013,12/16/2013,0
12/17/2013,12/17/2013,0
12/18/2013,12/18/2013,0
12/19/2013,12/19/2013,0
12/20/2013,12/20/2013,0
12/21/2013,12/21/2013,0
12/22/2013,12/22/2013,0
12/23/2013,12/23/2013,0
12/24/2013,12/24/2013,0
12/25/2013,12/25/2013,0
12/26/2013,12/26/2013,0
12/27/2013,12/27/2013,0.01
12/28/2013,12/28/2013,0.01
12/29/2013,12/29/2013,1.32
12/30/2013,12/30/2013,0
